OBJECTID;Survey_type;Plot_Type;Valley;Transect_no;Plot_no;Date;Year;Recorder;GPS_X;GPS_Y;Coordinate_system;Elev;Slope;Veg_type;Veg_type2;Veg_type_reduced;Star;Agent;Geese_present;Only_geese;Area_impacted;Grubbed_low;Grubbed_mid;Grubbed_high;Patch_size_bare;Recent_grubbing;Grubbing_present;LT_veg_change;Spatial_extent;Comment;NoteRene;NoteHelen
1;Plot;Large;Stuttdalen;NA;1;NA;1998;RvdW;509602;8658478;ED1950;470;9.43;1;1;1;NA;NA;NA;NA;NA;NA;NA;NA;NA;NA;NA;NA;NA;NA;NA;NA
181;Plot;Large;Stuttdalen;NA;1;NA;2018;RvdW;509602;8658478;ED1950;470;9.43;NA;NA;NA;NA;NA;NA;NA;NA;NA;NA;NA;NA;NA;NA;NA;NA;NA;NA;NA
2;Plot;Large;Stuttdalen;NA;2;NA;1998;RvdW;509794;8658712;ED1950;520;14.5;1;1;1;NA;NA;NA;NA;NA;NA;NA;NA;NA;NA;NA;NA;NA;NA;NA;NA
182;Plot;Large;Stuttdalen;NA;2;NA;2018;RvdW;509794;8658712;ED1950;520;14.5;NA;NA;NA;NA;NA;NA;NA;NA;NA;NA;NA;NA;NA;NA;NA;NA;NA;NA;NA
3;Plot;Large;Stuttdalen;NA;3;NA;1998;RvdW;510423;8659276;ED1950;740;13.77;1;1;1;NA;NA;NA;NA;NA;NA;NA;NA;NA;NA;NA;NA;NA;NA;NA;NA
183;Plot;Large;Stuttdalen;NA;3;NA;2018;RvdW;510423;8659276;ED1950;740;13.77;NA;NA;NA;NA;NA;NA;NA;NA;NA;NA;NA;NA;NA;NA;NA;NA;NA;NA;NA
4;Plot;Large;Stuttdalen;NA;4;NA;1998;RvdW;509223;8658319;ED1950;300;23.18;1;1;1;NA;NA;NA;NA;NA;NA;NA;NA;NA;NA;NA;NA;NA;NA;NA;NA
184;Plot;Large;Stuttdalen;NA;4;NA;2018;RvdW;509223;8658319;ED1950;300;23.18;1;1;1;NA;E;N;N;VH;NA;NA;NA;4;N;N;NA;NA;Erosion,soilifluction;NA;NA
5;Plot;Large;Stuttdalen;NA;5;NA;1998;RvdW;509205;8658313;ED1950;295;19.19;1;1;1;NA;NA;NA;NA;NA;NA;NA;NA;NA;NA;NA;NA;NA;NA;NA;NA
185;Plot;Large;Stuttdalen;NA;5;NA;2018;RvdW;509205;8658313;ED1950;295;19.19;1;1;1;NA;E;N;N;H;NA;NA;NA;4;N;N;NA;NA;Erosion;NA;NA
6;Plot;Large;Stuttdalen;NA;6;NA;1998;RvdW;509192;8658103;ED1950;300;26.1;2;2;2;NA;NA;NA;NA;NA;NA;NA;NA;NA;NA;NA;NA;NA;NA;NA;NA
186;Plot;Large;Stuttdalen;NA;6;NA;2018;RvdW;509192;8658103;ED1950;300;26.1;4;4;4;NA;E;N;N;H;NA;NA;NA;4;Y;N;NA;NA;NA;NA;NA
187;Plot;Large;Stuttdalen;NA;7;NA;2018;RvdW;509182;8658246;ED1950;300;28.49;1;1;1;NA;E;N;N;VH;NA;NA;NA;4;N;N;NA;NA;Erosionfromhill/landslip;NA;NA
7;Plot;Large;Stuttdalen;NA;7;NA;1998;RvdW;509182;8658246;ED1950;300;28.49;4;4;4;NA;NA;NA;NA;NA;NA;NA;NA;NA;NA;NA;NA;NA;NA;NA;NA
8;Plot;Large;Stuttdalen;NA;8;NA;1998;RvdW;509098;8658163;ED1950;265;22.37;4;4;4;NA;NA;NA;NA;NA;NA;NA;NA;NA;NA;NA;NA;NA;NA;NA;NA
188;Plot;Large;Stuttdalen;NA;8;NA;2018;RvdW;509098;8658163;ED1950;265;22.37;4;4;4;NA;E;N;N;VH;NA;NA;NA;4;N;N;NA;NA;Landslip;NA;NA
9;Plot;Large;Stuttdalen;NA;10;NA;1998;RvdW;509024;8658236;ED1950;245;21.44;4;4;4;NA;NA;NA;NA;NA;NA;NA;NA;NA;NA;NA;NA;NA;NA;NA;NA
189;Plot;Large;Stuttdalen;NA;10;NA;2018;RvdW;509024;8658236;ED1950;245;21.44;4;4;4;NA;G;Y;Y;L;NA;NA;NA;1;Y;Y;NA;NA;NA;NA;NA
10;Plot;Large;Stuttdalen;NA;12;NA;1998;RvdW;508929;8658142;ED1950;215;16.13;4;4;4;NA;NA;NA;NA;NA;NA;NA;NA;NA;NA;NA;NA;NA;NA;NA;NA
190;Plot;Large;Stuttdalen;NA;12;NA;2018;RvdW;508929;8658142;ED1950;215;16.13;4;4;4;NA;G;Y;Y;L;NA;NA;NA;1;N;Y;NA;NA;NA;NA;NA
191;Plot;Large;Stuttdalen;NA;14;NA;2018;RvdW;508841;8658082;ED1950;185;15.87;4;4;4;NA;G;Y;Y;L;NA;NA;NA;0;N;Y;NA;NA;NA;NA;NA
11;Plot;Large;Stuttdalen;NA;14;NA;1998;RvdW;508841;8658082;ED1950;185;15.87;5;5;5;NA;NA;NA;NA;NA;NA;NA;NA;NA;NA;NA;NA;NA;NA;NA;NA
12;Plot;Large;Stuttdalen;NA;16;NA;1998;RvdW;508507;8658041;ED1950;135;3.64;2;2;2;NA;NA;NA;NA;NA;NA;NA;NA;NA;NA;NA;NA;NA;NA;NA;NA
192;Plot;Large;Stuttdalen;NA;16;NA;2018;RvdW;508507;8658041;ED1950;135;3.64;3;3;3;NA;R;N;N;M;NA;NA;NA;0;N;N;NA;NA;NA;NA;NA
13;Plot;Large;Stuttdalen;NA;18;NA;1998;RvdW;508255;8658065;ED1950;115;2.6;3;3;3;NA;NA;NA;NA;NA;NA;NA;NA;NA;NA;NA;NA;NA;NA;NA;NA
193;Plot;Large;Stuttdalen;NA;18;NA;2018;RvdW;508255;8658065;ED1950;115;2.6;NA;NA;NA;NA;NA;NA;NA;NA;NA;NA;NA;NA;NA;NA;NA;NA;NA;NA;NA
14;Plot;Large;Stuttdalen;NA;20;NA;1998;RvdW;508212;8658030;ED1950;114;2.47;3;3;3;NA;NA;NA;NA;NA;NA;NA;NA;NA;NA;NA;NA;NA;NA;NA;NA
194;Plot;Large;Stuttdalen;NA;20;NA;2018;RvdW;508212;8658030;ED1950;114;2.47;NA;NA;NA;NA;NA;NA;NA;NA;NA;NA;NA;NA;NA;NA;NA;NA;NA;NA;NA
195;Plot;Large;Semmeldalen;NA;22;NA;2018;RvdW;508045;8657787;ED1950;110;2.59;3.5;3.5;3.5;NA;G;Y;Y;M;NA;NA;NA;0;Y;Y;NA;NA;NA;NA;NA
15;Plot;Large;Semmeldalen;NA;22;NA;1998;RvdW;508045;8657787;ED1950;110;2.59;9;9;9;NA;NA;NA;NA;NA;NA;NA;NA;NA;NA;NA;NA;NA;NA;NA;NA
16;Plot;Large;Semmeldalen;NA;24;NA;1998;RvdW;508030;8657842;ED1950;110;0.89;4;4;4;NA;NA;NA;NA;NA;NA;NA;NA;NA;NA;NA;NA;NA;NA;NA;NA
196;Plot;Large;Semmeldalen;NA;24;NA;2018;RvdW;508030;8657842;ED1950;110;0.89;4;4;4;NA;G;Y;Y;L;NA;NA;NA;1;Y;Y;NA;NA;NA;NA;NA
17;Plot;Large;Semmeldalen;NA;26;NA;1998;RvdW;508055;8658180;ED1950;103;3.93;5;5;5;NA;NA;NA;NA;NA;NA;NA;NA;NA;NA;NA;NA;NA;NA;NA;NA
197;Plot;Large;Semmeldalen;NA;26;NA;2018;RvdW;508055;8658180;ED1950;103;3.93;NA;NA;NA;NA;NA;NA;NA;NA;NA;NA;NA;NA;NA;NA;NA;NA;NA;NA;NA
18;Plot;Large;Skiferdalen;NA;28;NA;1998;RvdW;508150;8658577;ED1950;110;12.52;5;5;5;NA;NA;NA;NA;NA;NA;NA;NA;NA;NA;NA;NA;NA;NA;NA;NA
198;Plot;Large;Skiferdalen;NA;28;NA;2018;RvdW;508150;8658577;ED1950;110;12.52;NA;NA;NA;NA;NA;NA;NA;NA;NA;NA;NA;NA;NA;NA;NA;NA;NA;NA;NA
19;Plot;Large;Skiferdalen;NA;30;NA;1998;RvdW;508627;8658881;ED1950;170;6.62;9;9;9;NA;NA;NA;NA;NA;NA;NA;NA;NA;NA;NA;NA;NA;NA;NA;NA
199;Plot;Large;Skiferdalen;NA;30;NA;2018;RvdW;508627;8658881;ED1950;170;6.62;NA;NA;NA;NA;NA;NA;NA;NA;NA;NA;NA;NA;NA;NA;NA;NA;NA;NA;NA
20;Plot;Large;Skiferdalen;NA;32;NA;1998;RvdW;508906;8658881;ED1950;220;12.77;4;4;4;NA;NA;NA;NA;NA;NA;NA;NA;NA;NA;NA;NA;NA;NA;NA;NA
200;Plot;Large;Skiferdalen;NA;32;NA;2018;RvdW;508906;8658881;ED1950;220;12.77;NA;NA;NA;NA;NA;NA;NA;NA;NA;NA;NA;NA;NA;NA;NA;NA;NA;NA;NA
21;Plot;Large;Skiferdalen;NA;34;NA;1998;RvdW;508934;8658923;ED1950;230;9.44;4;4;4;NA;NA;NA;NA;NA;NA;NA;NA;NA;NA;NA;NA;NA;NA;NA;NA
201;Plot;Large;Skiferdalen;NA;34;NA;2018;RvdW;508934;8658923;ED1950;230;9.44;NA;NA;NA;NA;NA;NA;NA;NA;NA;NA;NA;NA;NA;NA;NA;NA;NA;NA;NA
22;Plot;Large;Skiferdalen;NA;36;NA;1998;RvdW;509288;8659041;ED1950;305;21.75;2;2;2;NA;NA;NA;NA;NA;NA;NA;NA;NA;NA;NA;NA;NA;NA;NA;NA
202;Plot;Large;Skiferdalen;NA;36;NA;2018;RvdW;509288;8659041;ED1950;305;21.75;NA;NA;NA;NA;NA;NA;NA;NA;NA;NA;NA;NA;NA;NA;NA;NA;NA;NA;NA
23;Plot;Large;Skiferdalen;NA;38;NA;1998;RvdW;509563;8659348;ED1950;435;27.39;1;1;1;NA;NA;NA;NA;NA;NA;NA;NA;NA;NA;NA;NA;NA;NA;NA;NA
203;Plot;Large;Skiferdalen;NA;38;NA;2018;RvdW;509563;8659348;ED1950;435;27.39;NA;NA;NA;NA;NA;NA;NA;NA;NA;NA;NA;NA;NA;NA;NA;NA;NA;NA;NA
24;Plot;Large;Skiferdalen;NA;40;NA;1998;RvdW;509392;8659641;ED1950;450;24.43;1;1;1;NA;NA;NA;NA;NA;NA;NA;NA;NA;NA;NA;NA;NA;NA;NA;NA
204;Plot;Large;Skiferdalen;NA;40;NA;2018;RvdW;509392;8659641;ED1950;450;24.43;NA;NA;NA;NA;NA;NA;NA;NA;NA;NA;NA;NA;NA;NA;NA;NA;NA;NA;NA
25;Plot;Large;Skiferdalen;NA;42;NA;1998;RvdW;509316;8660166;ED1950;460;30.01;1;1;1;NA;NA;NA;NA;NA;NA;NA;NA;NA;NA;NA;NA;NA;NA;NA;NA
205;Plot;Large;Skiferdalen;NA;42;NA;2018;RvdW;509316;8660166;ED1950;460;30.01;NA;NA;NA;NA;NA;NA;NA;NA;NA;NA;NA;NA;NA;NA;NA;NA;NA;NA;NA
26;Plot;Large;Skiferdalen;NA;44;NA;1998;RvdW;509354;8660109;ED1950;475;28.96;1;1;1;NA;NA;NA;NA;NA;NA;NA;NA;NA;NA;NA;NA;NA;NA;NA;NA
206;Plot;Large;Skiferdalen;NA;44;NA;2018;RvdW;509354;8660109;ED1950;475;28.96;NA;NA;NA;NA;NA;NA;NA;NA;NA;NA;NA;NA;NA;NA;NA;NA;NA;NA;NA
27;Plot;Large;Skiferdalen;NA;46;NA;1998;RvdW;509094;8660558;ED1950;425;26.21;3;3;3;NA;NA;NA;NA;NA;NA;NA;NA;NA;NA;NA;NA;NA;NA;NA;NA
207;Plot;Large;Skiferdalen;NA;46;NA;2018;RvdW;509094;8660558;ED1950;425;26.21;NA;NA;NA;NA;NA;NA;NA;NA;NA;NA;NA;NA;NA;NA;NA;NA;NA;NA;NA
28;Plot;Large;Skiferdalen;NA;48;NA;1998;RvdW;508894;8660558;ED1950;335;21.79;5;5;5;NA;NA;NA;NA;NA;NA;NA;NA;NA;NA;NA;NA;NA;NA;NA;NA
208;Plot;Large;Skiferdalen;NA;48;NA;2018;RvdW;508894;8660558;ED1950;335;21.79;NA;NA;NA;NA;NA;NA;NA;NA;NA;NA;NA;NA;NA;NA;NA;NA;NA;NA;NA
29;Plot;Large;Istjorndalen;NA;50;NA;1998;RvdW;507860;8659218;ED1950;315;9.86;2;2;2;NA;NA;NA;NA;NA;NA;NA;NA;NA;NA;NA;NA;NA;NA;NA;NA
209;Plot;Large;Istjorndalen;NA;50;NA;2018;RvdW;507860;8659218;ED1950;315;9.86;NA;NA;NA;NA;NA;NA;NA;NA;NA;NA;NA;NA;NA;NA;NA;NA;NA;NA;NA
30;Plot;Large;Istjorndalen;NA;52;NA;1998;RvdW;507697;8659338;ED1950;330;3.07;9;9;9;NA;NA;NA;NA;NA;NA;NA;NA;NA;NA;NA;NA;NA;NA;NA;NA
210;Plot;Large;Istjorndalen;NA;52;NA;2018;RvdW;507697;8659338;ED1950;330;3.07;NA;NA;NA;NA;NA;NA;NA;NA;NA;NA;NA;NA;NA;NA;NA;NA;NA;NA;NA
31;Plot;Large;Istjorndalen;NA;54;NA;1998;RvdW;507692;8659546;ED1950;345;10.74;4;4;4;NA;NA;NA;NA;NA;NA;NA;NA;NA;NA;NA;NA;NA;NA;NA;NA
211;Plot;Large;Istjorndalen;NA;54;NA;2018;RvdW;507692;8659546;ED1950;345;10.74;NA;NA;NA;NA;NA;NA;NA;NA;NA;NA;NA;NA;NA;NA;NA;NA;NA;NA;NA
32;Plot;Large;Istjorndalen;NA;58;NA;1998;RvdW;507374;8659574;ED1950;350;25.52;9;9;9;NA;NA;NA;NA;NA;NA;NA;NA;NA;NA;NA;NA;NA;NA;NA;NA
212;Plot;Large;Istjorndalen;NA;58;NA;2018;RvdW;507374;8659574;ED1950;350;25.52;NA;NA;NA;NA;NA;NA;NA;NA;NA;NA;NA;NA;NA;NA;NA;NA;NA;NA;NA
33;Plot;Large;Istjorndalen;NA;60;NA;1998;RvdW;507235;8659508;ED1950;275;29.86;4;4;4;NA;NA;NA;NA;NA;NA;NA;NA;NA;NA;NA;NA;NA;NA;NA;NA
213;Plot;Large;Istjorndalen;NA;60;NA;2018;RvdW;507235;8659508;ED1950;275;29.86;NA;NA;NA;NA;NA;NA;NA;NA;NA;NA;NA;NA;NA;NA;NA;NA;NA;NA;NA
34;Plot;Large;Istjorndalen;NA;62;NA;1998;RvdW;506900;8659723;ED1950;275;22.02;9;9;9;NA;NA;NA;NA;NA;NA;NA;NA;NA;NA;NA;NA;NA;NA;NA;NA
214;Plot;Large;Istjorndalen;NA;62;NA;2018;RvdW;506900;8659723;ED1950;275;22.02;NA;NA;NA;NA;NA;NA;NA;NA;NA;NA;NA;NA;NA;NA;NA;NA;NA;NA;NA
35;Plot;Large;Istjorndalen;NA;64;NA;1998;RvdW;505999;8659988;ED1950;230;6.67;6;6;6;NA;NA;NA;NA;NA;NA;NA;NA;NA;NA;NA;NA;NA;NA;NA;NA
215;Plot;Large;Istjorndalen;NA;64;NA;2018;RvdW;505999;8659988;ED1950;230;6.67;NA;NA;NA;NA;NA;NA;NA;NA;NA;NA;NA;NA;NA;NA;NA;NA;NA;NA;NA
36;Plot;Large;Istjorndalen;NA;66;NA;1998;RvdW;506064;8659949;ED1950;230;8.58;4;4;4;NA;NA;NA;NA;NA;NA;NA;NA;NA;NA;NA;NA;NA;NA;NA;NA
216;Plot;Large;Istjorndalen;NA;66;NA;2018;RvdW;506064;8659949;ED1950;230;8.58;NA;NA;NA;NA;NA;NA;NA;NA;NA;NA;NA;NA;NA;NA;NA;NA;NA;NA;NA
37;Plot;Large;Istjorndalen;NA;68;NA;1998;RvdW;505288;8659740;ED1950;210;8.48;3;3;3;NA;NA;NA;NA;NA;NA;NA;NA;NA;NA;NA;NA;NA;NA;NA;NA
217;Plot;Large;Istjorndalen;NA;68;NA;2018;RvdW;505288;8659740;ED1950;210;8.48;NA;NA;NA;NA;NA;NA;NA;NA;NA;NA;NA;NA;NA;NA;NA;NA;NA;NA;NA
38;Plot;Large;Istjorndalen;NA;70;NA;1998;RvdW;505603;8659734;ED1950;195;5.03;4;4;4;NA;NA;NA;NA;NA;NA;NA;NA;NA;NA;NA;NA;NA;NA;NA;NA
218;Plot;Large;Istjorndalen;NA;70;NA;2018;RvdW;505603;8659734;ED1950;195;5.03;NA;NA;NA;NA;NA;NA;NA;NA;NA;NA;NA;NA;NA;NA;NA;NA;NA;NA;NA
39;Plot;Large;Semmeldalen;NA;71;NA;1998;RvdW;507316;8657533;ED1950;85;5.26;8;8;8;NA;NA;NA;NA;NA;NA;NA;NA;NA;NA;NA;NA;NA;NA;NA;NA
219;Plot;Large;Semmeldalen;NA;71;NA;2018;RvdW;507316;8657533;ED1950;85;5.26;NA;NA;NA;NA;NA;NA;NA;NA;NA;NA;NA;NA;NA;NA;NA;NA;NA;NA;NA
40;Plot;Large;Istjorndalen;NA;72;NA;1998;RvdW;505762;8659740;ED1950;205;1.84;5;5;5;NA;NA;NA;NA;NA;NA;NA;NA;NA;NA;NA;NA;NA;NA;NA;NA
220;Plot;Large;Istjorndalen;NA;72;NA;2018;RvdW;505762;8659740;ED1950;205;1.84;NA;NA;NA;NA;NA;NA;NA;NA;NA;NA;NA;NA;NA;NA;NA;NA;NA;NA;NA
41;Plot;Large;Semmeldalen;NA;73;NA;1998;RvdW;507230;8657375;ED1950;95;3.4;7;7;7;NA;NA;NA;NA;NA;NA;NA;NA;NA;NA;NA;NA;NA;NA;NA;NA
221;Plot;Large;Semmeldalen;NA;73;NA;2018;RvdW;507230;8657375;ED1950;95;3.4;NA;NA;NA;NA;NA;NA;NA;NA;NA;NA;NA;NA;NA;NA;NA;NA;NA;NA;NA
42;Plot;Large;Istjorndalen;NA;74;NA;1998;RvdW;506862;8659748;ED1950;270;23.31;4;4;4;NA;NA;NA;NA;NA;NA;NA;NA;NA;NA;NA;NA;NA;NA;NA;NA
222;Plot;Large;Istjorndalen;NA;74;NA;2018;RvdW;506862;8659748;ED1950;270;23.31;NA;NA;NA;NA;NA;NA;NA;NA;NA;NA;NA;NA;NA;NA;NA;NA;NA;NA;NA
223;Plot;Large;Passdalen;NA;75;NA;2018;RvdW;506932;8657401;ED1950;120;5.88;3.5;3.5;3.5;NA;G;Y;Y;L;NA;NA;NA;1;NA;Y;NA;NA;NA;NA;NA
43;Plot;Large;Passdalen;NA;75;NA;1998;RvdW;506932;8657401;ED1950;120;5.88;9;9;9;NA;NA;NA;NA;NA;NA;NA;NA;NA;NA;NA;NA;NA;NA;NA;NA
44;Plot;Large;Istjorndalen;NA;76;NA;1998;RvdW;506842;8659707;ED1950;250;21.34;4;4;4;NA;NA;NA;NA;NA;NA;NA;NA;NA;NA;NA;NA;NA;NA;NA;NA
224;Plot;Large;Istjorndalen;NA;76;NA;2018;RvdW;506842;8659707;ED1950;250;21.34;NA;NA;NA;NA;NA;NA;NA;NA;NA;NA;NA;NA;NA;NA;NA;NA;NA;NA;NA
45;Plot;Large;Passdalen;NA;77;NA;1998;RvdW;506680;8657498;ED1950;147;2.45;3;3;3;NA;NA;NA;NA;NA;NA;NA;NA;NA;NA;NA;NA;NA;NA;NA;NA
225;Plot;Large;Passdalen;NA;77;NA;2018;RvdW;506680;8657498;ED1950;147;2.45;3;3;3;NA;R;N;N;L;NA;NA;NA;1;N;N;N;NA;Reindeerbreakingthroughblackcrust;NA;NA
46;Plot;Large;Istjorndalen;NA;78;NA;1998;RvdW;506987;8659399;ED1950;195;8.31;8;8;8;NA;NA;NA;NA;NA;NA;NA;NA;NA;NA;NA;NA;NA;NA;NA;NA
226;Plot;Large;Istjorndalen;NA;78;NA;2018;RvdW;506987;8659399;ED1950;195;8.31;NA;NA;NA;NA;NA;NA;NA;NA;NA;NA;NA;NA;NA;NA;NA;NA;NA;NA;NA
227;Plot;Large;Passdalen;NA;79;NA;2018;RvdW;506069;8657506;ED1950;160;3.85;0;0;0;NA;NA;NA;NA;NA;NA;NA;NA;NA;NA;NA;NA;NA;NA;NA;NA
47;Plot;Large;Passdalen;NA;79;NA;1998;RvdW;506069;8657506;ED1950;160;3.85;5;5;5;NA;NA;NA;NA;NA;NA;NA;NA;NA;NA;NA;NA;NA;NA;NA;NA
48;Plot;Large;Istjorndalen;NA;80;NA;1998;RvdW;507065;8658868;ED1950;170;4.84;3;3;3;NA;NA;NA;NA;NA;NA;NA;NA;NA;NA;NA;NA;NA;NA;NA;NA
228;Plot;Large;Istjorndalen;NA;80;NA;2018;RvdW;507065;8658868;ED1950;170;4.84;NA;NA;NA;NA;NA;NA;NA;NA;NA;NA;NA;NA;NA;NA;NA;NA;NA;NA;NA
49;Plot;Large;Passdalen;NA;81;NA;1998;RvdW;505415;8657518;ED1950;185;14.69;5;5;5;NA;NA;NA;NA;NA;NA;NA;NA;NA;NA;NA;NA;NA;NA;NA;NA
229;Plot;Large;Passdalen;NA;81;NA;2018;RvdW;505415;8657518;ED1950;185;14.69;6;6;6;NA;E,G;Y;N;M;NA;NA;NA;4;Y;Y;N;NA;Grubbingisshallow;NA;NA
230;Plot;Large;Semmeldalen;NA;82;NA;2018;RvdW;507888;8657226;ED1950;77;1.38;0;0;0;NA;R;N;N;L;NA;NA;NA;0;Y;N;NA;NA;NA;NA;NA
50;Plot;Large;Semmeldalen;NA;82;NA;1998;RvdW;507888;8657226;ED1950;77;1.38;7;7;7;NA;NA;NA;NA;NA;NA;NA;NA;NA;NA;NA;NA;NA;NA;NA;NA
231;Plot;Large;Passdalen;NA;83;NA;2018;RvdW;505098;8657550;ED1950;190;7.52;3;3;3;NA;G;Y;Y;L;NA;NA;NA;0;Y;Y;N;NA;Verygrassy(P.alpg);NA;NA
51;Plot;Large;Passdalen;NA;83;NA;1998;RvdW;505098;8657550;ED1950;190;7.52;9;9;9;NA;NA;NA;NA;NA;NA;NA;NA;NA;NA;NA;NA;NA;NA;NA;NA
52;Plot;Large;Semmeldalen;NA;84;NA;1998;RvdW;508033;8657128;ED1950;80;1.05;7;7;7;NA;NA;NA;NA;NA;NA;NA;NA;NA;NA;NA;NA;NA;NA;NA;NA
232;Plot;Large;Semmeldalen;NA;84;NA;2018;RvdW;508033;8657128;ED1950;80;1.05;7;7;7;NA;R;N;N;H;NA;NA;NA;0;N;N;NA;NA;Walkingthroughwetmoss;NA;NA
53;Plot;Large;Passdalen;NA;85;NA;1998;RvdW;504826;8657415;ED1950;175;9.47;4;4;4;NA;NA;NA;NA;NA;NA;NA;NA;NA;NA;NA;NA;NA;NA;NA;NA
233;Plot;Large;Passdalen;NA;85;NA;2018;RvdW;504826;8657415;ED1950;175;9.47;4;4;4;NA;G;Y;Y;L;NA;NA;NA;0;Y;Y;N;NA;NA;NA;NA
54;Plot;Large;Semmeldalen;NA;86;NA;1998;RvdW;508003;8656232;ED1950;65;0.83;8;8;8;NA;NA;NA;NA;NA;NA;NA;NA;NA;NA;NA;NA;NA;NA;NA;NA
234;Plot;Large;Semmeldalen;NA;86;NA;2018;RvdW;508003;8656232;ED1950;65;0.83;NA;NA;NA;NA;NA;NA;NA;NA;NA;NA;NA;NA;NA;NA;NA;NA;NA;NA;NA
55;Plot;Large;Passdalen;NA;87;NA;1998;RvdW;504105;8657324;ED1950;210;16.17;4;4;4;NA;NA;NA;NA;NA;NA;NA;NA;NA;NA;NA;NA;NA;NA;NA;NA
235;Plot;Large;Passdalen;NA;87;NA;2018;RvdW;504105;8657324;ED1950;210;16.17;4;4;4;NA;G;Y;Y;M;NA;NA;NA;0;Y;Y;N;NA;NA;NA;NA
56;Plot;Large;Semmeldalen;NA;88;NA;1998;RvdW;507973;8656109;ED1950;65;1.56;5;5;5;NA;NA;NA;NA;NA;NA;NA;NA;NA;NA;NA;NA;NA;NA;NA;NA
236;Plot;Large;Semmeldalen;NA;88;NA;2018;RvdW;507973;8656109;ED1950;65;1.56;NA;NA;NA;NA;NA;NA;NA;NA;NA;NA;NA;NA;NA;NA;NA;NA;NA;NA;NA
57;Plot;Large;Passdalen;NA;89;NA;1998;RvdW;503775;8657186;ED1950;245;15.1;4;4;4;NA;NA;NA;NA;NA;NA;NA;NA;NA;NA;NA;NA;NA;NA;NA;NA
237;Plot;Large;Passdalen;NA;89;NA;2018;RvdW;503775;8657186;ED1950;245;15.1;4;4;4;NA;NA;NA;NA;NA;NA;NA;NA;NA;NA;NA;NA;NA;NA;NA;NA
58;Plot;Large;Semmeldalen;NA;90;NA;1998;RvdW;507969;8655842;ED1950;62;0.95;7;7;7;NA;NA;NA;NA;NA;NA;NA;NA;NA;NA;NA;NA;NA;NA;NA;NA
238;Plot;Large;Semmeldalen;NA;90;NA;2018;RvdW;507969;8655842;ED1950;62;0.95;7;7;7;NA;G;Y;Y;M;NA;NA;NA;0;N;Y;N;NA;Oldgrubbing;NA;NA
239;Plot;Large;Passdalen;NA;91;NA;2018;RvdW;503107;8656897;ED1950;265;26.63;0;0;0;NA;NA;NA;NA;NA;NA;NA;NA;NA;NA;NA;NA;NA;Glacierlinkedtoitthawingout;NA;NA
59;Plot;Large;Passdalen;NA;91;NA;1998;RvdW;503107;8656897;ED1950;265;26.63;2;2;2;NA;NA;NA;NA;NA;NA;NA;NA;NA;NA;NA;NA;NA;NA;NA;NA
60;Plot;Large;Semmeldalen;NA;92;NA;1998;RvdW;508083;8655754;ED1950;59;1.03;7;7;7;NA;NA;NA;NA;NA;NA;NA;NA;NA;NA;NA;NA;NA;NA;NA;NA
240;Plot;Large;Semmeldalen;NA;92;NA;2018;RvdW;508083;8655754;ED1950;59;1.03;7;7;7;NA;G,R;Y;N;L;NA;NA;NA;0;Y;Y;Y;NA;NA;NA;NA
61;Plot;Large;Passdalen;NA;93;NA;1998;RvdW;504835;8656460;ED1950;230;2.22;5;5;5;NA;NA;NA;NA;NA;NA;NA;NA;NA;NA;NA;NA;NA;NA;NA;NA
241;Plot;Large;Passdalen;NA;93;NA;2018;RvdW;504835;8656460;ED1950;230;2.22;NA;NA;NA;NA;NA;NA;NA;NA;NA;NA;NA;NA;NA;NA;NA;NA;NA;NA;NA
62;Plot;Large;Semmeldalen;NA;94;NA;1998;RvdW;508398;8655728;ED1950;55;0.49;4;4;4;NA;NA;NA;NA;NA;NA;NA;NA;NA;NA;NA;NA;NA;NA;NA;NA
242;Plot;Large;Semmeldalen;NA;94;NA;2018;RvdW;508398;8655728;ED1950;55;0.49;NA;NA;NA;NA;NA;NA;NA;NA;NA;NA;NA;NA;NA;NA;NA;NA;NA;NA;NA
63;Plot;Large;Passdalen;NA;95;NA;1998;RvdW;505052;8656382;ED1950;230;5.1;8;8;8;NA;NA;NA;NA;NA;NA;NA;NA;NA;NA;NA;NA;NA;NA;NA;NA
243;Plot;Large;Passdalen;NA;95;NA;2018;RvdW;505052;8656382;ED1950;230;5.1;NA;NA;NA;NA;NA;NA;NA;NA;NA;NA;NA;NA;NA;NA;NA;NA;NA;NA;NA
64;Plot;Large;Semmeldalen;NA;96;NA;1998;RvdW;508623;8655664;ED1950;53;0.62;5;5;5;NA;NA;NA;NA;NA;NA;NA;NA;NA;NA;NA;NA;NA;NA;NA;NA
244;Plot;Large;Semmeldalen;NA;96;NA;2018;RvdW;508623;8655664;ED1950;53;0.62;NA;NA;NA;NA;NA;NA;NA;NA;NA;NA;NA;NA;NA;NA;NA;NA;NA;NA;NA
65;Plot;Large;Passdalen;NA;97;NA;1998;RvdW;505547;8656585;ED1950;165;9.38;4;4;4;NA;NA;NA;NA;NA;NA;NA;NA;NA;NA;NA;NA;NA;NA;NA;NA
245;Plot;Large;Passdalen;NA;97;NA;2018;RvdW;505547;8656585;ED1950;165;9.38;NA;NA;NA;NA;NA;NA;NA;NA;NA;NA;NA;NA;NA;NA;NA;NA;NA;NA;NA
66;Plot;Large;Semmeldalen;NA;98;NA;1998;RvdW;508771;8655751;ED1950;54;0.05;7;7;7;NA;NA;NA;NA;NA;NA;NA;NA;NA;NA;NA;NA;NA;NA;NA;NA
246;Plot;Large;Semmeldalen;NA;98;NA;2018;RvdW;508771;8655751;ED1950;54;0.05;7;7;7;NA;E,G;Y;N;L;NA;NA;NA;1;Y;Y;N;NA;NA;NA;NA
67;Plot;Large;Passdalen;NA;99;NA;1998;RvdW;505445;8656892;ED1950;140;36.56;7;7;7;NA;NA;NA;NA;NA;NA;NA;NA;NA;NA;NA;NA;NA;NA;NA;NA
247;Plot;Large;Passdalen;NA;99;NA;2018;RvdW;505445;8656892;ED1950;140;36.56;NA;NA;NA;NA;NA;NA;NA;NA;NA;NA;NA;NA;NA;NA;NA;NA;NA;NA;NA
68;Plot;Large;Semmeldalen;NA;100;NA;1998;RvdW;509061;8655939;ED1950;60;1.5;5;5;5;NA;NA;NA;NA;NA;NA;NA;NA;NA;NA;NA;NA;NA;NA;NA;NA
248;Plot;Large;Semmeldalen;NA;100;NA;2018;RvdW;509061;8655939;ED1950;60;1.5;NA;NA;NA;NA;NA;NA;NA;NA;NA;NA;NA;NA;NA;NA;NA;NA;NA;NA;NA
69;Plot;Large;Passdalen;NA;101;NA;1998;RvdW;505459;8657020;ED1950;150;5.85;4;4;4;NA;NA;NA;NA;NA;NA;NA;NA;NA;NA;NA;NA;NA;NA;NA;NA
249;Plot;Large;Passdalen;NA;101;NA;2018;RvdW;505459;8657020;ED1950;150;5.85;NA;NA;NA;NA;NA;NA;NA;NA;NA;NA;NA;NA;NA;NA;NA;NA;NA;NA;NA
70;Plot;Large;Semmeldalen;NA;102;NA;1998;RvdW;509115;8656025;ED1950;62;1.07;7;7;7;NA;NA;NA;NA;NA;NA;NA;NA;NA;NA;NA;NA;NA;NA;NA;NA
250;Plot;Large;Semmeldalen;NA;102;NA;2018;RvdW;509115;8656025;ED1950;62;1.07;NA;NA;NA;NA;NA;NA;NA;NA;NA;NA;NA;NA;NA;NA;NA;NA;NA;NA;NA
71;Plot;Large;Passdalen;NA;103;NA;1998;RvdW;505514;8656777;ED1950;150;2.97;9;9;9;NA;NA;NA;NA;NA;NA;NA;NA;NA;NA;NA;NA;NA;NA;NA;NA
251;Plot;Large;Passdalen;NA;103;NA;2018;RvdW;505514;8656777;ED1950;150;2.97;NA;NA;NA;NA;NA;NA;NA;NA;NA;NA;NA;NA;NA;NA;NA;NA;NA;NA;NA
72;Plot;Large;Passdalen;NA;104;NA;1998;RvdW;506029;8656784;ED1950;125;6.73;9;9;9;NA;NA;NA;NA;NA;NA;NA;NA;NA;NA;NA;NA;NA;NA;NA;NA
252;Plot;Large;Passdalen;NA;104;NA;2018;RvdW;506029;8656784;ED1950;125;6.73;NA;NA;NA;NA;NA;NA;NA;NA;NA;NA;NA;NA;NA;NA;NA;NA;NA;NA;NA
73;Plot;Large;Passdalen;NA;105;NA;1998;RvdW;506155;8656733;ED1950;125;5.08;3;3;3;NA;NA;NA;NA;NA;NA;NA;NA;NA;NA;NA;NA;NA;NA;NA;NA
253;Plot;Large;Passdalen;NA;105;NA;2018;RvdW;506155;8656733;ED1950;125;5.08;3;3;3;NA;G,R;Y;N;M;NA;NA;NA;2;NA;Y;NA;NA;Breakingthroughblackcrust;NA;NA
74;Plot;Large;Passdalen;NA;106;NA;1998;RvdW;506288;8656477;ED1950;125;2.13;4;4;4;NA;NA;NA;NA;NA;NA;NA;NA;NA;NA;NA;NA;NA;NA;NA;NA
254;Plot;Large;Passdalen;NA;106;NA;2018;RvdW;506288;8656477;ED1950;125;2.13;NA;NA;NA;NA;NA;NA;NA;NA;NA;NA;NA;NA;NA;NA;NA;NA;NA;NA;NA
75;Plot;Large;Semmeldalen;NA;107;NA;1998;RvdW;506621;8656319;ED1950;125;3.7;4;4;4;NA;NA;NA;NA;NA;NA;NA;NA;NA;NA;NA;NA;NA;NA;NA;NA
255;Plot;Large;Semmeldalen;NA;107;NA;2018;RvdW;506621;8656319;ED1950;125;3.7;NA;NA;NA;NA;NA;NA;NA;NA;NA;NA;NA;NA;NA;NA;NA;NA;NA;NA;NA
76;Plot;Large;Semmeldalen;NA;108;NA;1998;RvdW;506909;8656199;ED1950;110;4.65;5;5;5;NA;NA;NA;NA;NA;NA;NA;NA;NA;NA;NA;NA;NA;NA;NA;NA
256;Plot;Large;Semmeldalen;NA;108;NA;2018;RvdW;506909;8656199;ED1950;110;4.65;5;5;5;NA;R;N;N;M;NA;NA;NA;1;NA;N;NA;NA;Breakingthroughmoss;NA;NA
77;Plot;Large;Semmeldalen;NA;109;NA;1998;RvdW;506780;8656326;ED1950;115;4.34;5;5;5;NA;NA;NA;NA;NA;NA;NA;NA;NA;NA;NA;NA;NA;NA;NA;NA
257;Plot;Large;Semmeldalen;NA;109;NA;2018;RvdW;506780;8656326;ED1950;115;4.34;6;6;6;NA;R;N;N;L;NA;NA;NA;1;N;N;N;NA;NA;NA;NA
78;Plot;Large;Semmeldalen;NA;110;NA;1998;RvdW;507092;8656464;ED1950;100;1.97;7;7;7;NA;NA;NA;NA;NA;NA;NA;NA;NA;NA;NA;NA;NA;NA;NA;NA
258;Plot;Large;Semmeldalen;NA;110;NA;2018;RvdW;507092;8656464;ED1950;100;1.97;NA;NA;NA;NA;NA;NA;NA;NA;NA;NA;NA;NA;NA;NA;NA;NA;NA;NA;NA
79;Plot;Large;Semmeldalen;NA;111;NA;1998;RvdW;507592;8656196;ED1950;75;7.69;4;4;4;NA;NA;NA;NA;NA;NA;NA;NA;NA;NA;NA;NA;NA;NA;NA;NA
259;Plot;Large;Semmeldalen;NA;111;NA;2018;RvdW;507592;8656196;ED1950;75;7.69;NA;NA;NA;NA;NA;NA;NA;NA;NA;NA;NA;NA;NA;NA;NA;NA;NA;NA;NA
80;Plot;Large;Semmeldalen;NA;112;NA;1998;RvdW;507896;8655954;ED1950;63;1.15;9;9;9;NA;NA;NA;NA;NA;NA;NA;NA;NA;NA;NA;NA;NA;NA;NA;NA
260;Plot;Large;Semmeldalen;NA;112;NA;2018;RvdW;507896;8655954;ED1950;63;1.15;NA;NA;NA;NA;NA;NA;NA;NA;NA;NA;NA;NA;NA;NA;NA;NA;NA;NA;NA
261;Plot;Large;Semmeldalen;NA;113;NA;2018;RvdW;508143;8657433;ED1950;86;1.41;3.5;3.5;3.5;NA;G,R;Y;N;L;NA;NA;NA;0;Y;Y;NA;NA;Reindeerbreakingthroughblackcrust;NA;NA
81;Plot;Large;Semmeldalen;NA;113;NA;1998;RvdW;508143;8657433;ED1950;86;1.41;5;5;5;NA;NA;NA;NA;NA;NA;NA;NA;NA;NA;NA;NA;NA;NA;NA;NA
82;Plot;Large;Semmeldalen;NA;114;NA;1998;RvdW;508142;8657438;ED1950;86;2.2;5;5;5;NA;NA;NA;NA;NA;NA;NA;NA;NA;NA;NA;NA;NA;NA;NA;NA
262;Plot;Large;Semmeldalen;NA;114;NA;2018;RvdW;508142;8657438;ED1950;86;2.2;5;5;5;NA;R;N;N;L;NA;NA;NA;1;Y;N;NA;NA;Printonfrostheave;NA;NA
83;Plot;Large;Semmeldalen;NA;115;NA;1998;RvdW;508610;8656601;ED1950;72;1.42;4;4;4;NA;NA;NA;NA;NA;NA;NA;NA;NA;NA;NA;NA;NA;NA;NA;NA
263;Plot;Large;Semmeldalen;NA;115;NA;2018;RvdW;508610;8656601;ED1950;72;1.42;4;4;4;NA;NA;NA;NA;NA;NA;NA;NA;NA;NA;NA;NA;NA;NA;NA;NA
84;Plot;Large;Semmeldalen;NA;116;NA;1998;RvdW;508745;8656129;ED1950;60;1.62;7;7;7;NA;NA;NA;NA;NA;NA;NA;NA;NA;NA;NA;NA;NA;NA;NA;NA
264;Plot;Large;Semmeldalen;NA;116;NA;2018;RvdW;508745;8656129;ED1950;60;1.62;7;7;7;NA;G;Y;Y;VH;NA;NA;NA;2;Y;Y;Y;NA;NA;NA;NA
265;Plot;Large;Semmeldalen;NA;117;NA;2018;RvdW;509441;8655448;ED1950;63;2.7;3.5;3.5;3.5;NA;G;Y;Y;L;NA;NA;NA;1;Y;Y;N;NA;Breakingthroughblackcrust;NA;NA
85;Plot;Large;Semmeldalen;NA;117;NA;1998;RvdW;509441;8655448;ED1950;63;2.7;5;5;5;NA;NA;NA;NA;NA;NA;NA;NA;NA;NA;NA;NA;NA;NA;NA;NA
86;Plot;Large;Semmeldalen;NA;118;NA;1998;RvdW;509780;8655307;ED1950;75;5.5;5;5;5;NA;NA;NA;NA;NA;NA;NA;NA;NA;NA;NA;NA;NA;NA;NA;NA
266;Plot;Large;Semmeldalen;NA;118;NA;2018;RvdW;509780;8655307;ED1950;75;5.5;5;5;5;NA;E,G;Y;N;L;NA;NA;NA;0;Y;Y;N;NA;Frostheave;NA;NA
87;Plot;Large;Semmeldalen;NA;119;NA;1998;RvdW;510105;8655144;ED1950;90;6.77;7;7;7;NA;NA;NA;NA;NA;NA;NA;NA;NA;NA;NA;NA;NA;NA;NA;NA
267;Plot;Large;Semmeldalen;NA;119;NA;2018;RvdW;510105;8655144;ED1950;90;6.77;7;7;7;NA;G;Y;Y;VH;NA;NA;NA;0;Y;Y;Y;NA;Former7D;NA;NA
88;Plot;Large;Semmeldalen;NA;120;NA;1998;RvdW;510418;8655074;ED1950;135;12.73;4;4;4;NA;NA;NA;NA;NA;NA;NA;NA;NA;NA;NA;NA;NA;NA;NA;NA
268;Plot;Large;Semmeldalen;NA;120;NA;2018;RvdW;510418;8655074;ED1950;135;12.73;4;4;4;NA;G;Y;Y;L;NA;NA;NA;0;Y;Y;N;NA;NA;NA;NA
89;Plot;Large;Semmeldalen;NA;121;NA;1998;RvdW;510472;8655056;ED1950;150;23.79;4;4;4;NA;NA;NA;NA;NA;NA;NA;NA;NA;NA;NA;NA;NA;NA;NA;NA
269;Plot;Large;Semmeldalen;NA;121;NA;2018;RvdW;510472;8655056;ED1950;150;23.79;4;4;4;NA;E,R;N;N;H/L;NA;NA;NA;4/1;N;N;N;NA;NA;NA;NA
90;Plot;Large;Semmeldalen;NA;122;NA;1998;RvdW;510540;8655134;ED1950;200;28.53;2;2;2;NA;NA;NA;NA;NA;NA;NA;NA;NA;NA;NA;NA;NA;NA;NA;NA
270;Plot;Large;Semmeldalen;NA;122;NA;2018;RvdW;510540;8655134;ED1950;200;28.53;4;4;4;NA;E,G;Y;N;L;NA;NA;NA;3;Y;Y;N;NA;NA;NA;NA
271;Plot;Large;Semmeldalen;NA;123;NA;2018;RvdW;510269;8654421;ED1950;75;8.06;5;5;5;NA;G;Y;Y;L;NA;NA;NA;0;Y;Y;N;NA;NA;NA;NA
91;Plot;Large;Semmeldalen;NA;123;NA;1998;RvdW;510269;8654421;ED1950;75;8.06;9;9;9;NA;NA;NA;NA;NA;NA;NA;NA;NA;NA;NA;NA;NA;NA;NA;NA
92;Plot;Large;Semmeldalen;NA;124;NA;1998;RvdW;510074;8654463;ED1950;60;3.28;5;5;5;NA;NA;NA;NA;NA;NA;NA;NA;NA;NA;NA;NA;NA;NA;NA;NA
272;Plot;Large;Semmeldalen;NA;124;NA;2018;RvdW;510074;8654463;ED1950;60;3.28;5;5;5;NA;G;Y;Y;M;NA;NA;NA;0;Y;Y;N;NA;NA;NA;NA
273;Plot;Large;Semmeldalen;NA;125;NA;2018;RvdW;509750;8654063;ED1950;40;1.15;3.5;3.5;3.5;NA;E,G;Y;N;L;NA;NA;NA;0;Y;Y;N;NA;NA;NA;NA
93;Plot;Large;Semmeldalen;NA;125;NA;1998;RvdW;509750;8654063;ED1950;40;1.15;9;9;9;NA;NA;NA;NA;NA;NA;NA;NA;NA;NA;NA;NA;NA;NA;NA;NA
94;Plot;Large;Semmeldalen;NA;126;NA;1998;RvdW;509808;8653545;ED1950;62;2.11;3;3;3;NA;NA;NA;NA;NA;NA;NA;NA;NA;NA;NA;NA;NA;NA;NA;NA
274;Plot;Large;Semmeldalen;NA;126;NA;2018;RvdW;509808;8653545;ED1950;62;2.11;3;3;3;NA;NA;NA;NA;NA;NA;NA;NA;NA;NA;NA;NA;NA;NA;NA;NA
275;Plot;Large;Semmeldalen;NA;127;NA;2018;RvdW;509985;8654044;ED1950;45;2.29;3.5;3.5;3.5;NA;G;Y;Y;L;NA;NA;NA;1;Y;Y;N;NA;NA;NA;NA
95;Plot;Large;Semmeldalen;NA;127;NA;1998;RvdW;509985;8654044;ED1950;45;2.29;9;9;9;NA;NA;NA;NA;NA;NA;NA;NA;NA;NA;NA;NA;NA;NA;NA;NA
96;Plot;Large;Semmeldalen;NA;128;NA;1998;RvdW;510014;8652841;ED1950;68;1.17;2.5;2.5;2.5;NA;NA;NA;NA;NA;NA;NA;NA;NA;NA;NA;NA;NA;NA;NA;NA
276;Plot;Large;Semmeldalen;NA;128;NA;2018;RvdW;510014;8652841;ED1950;68;1.17;2.5;2.5;2.5;NA;NA;NA;NA;NA;NA;NA;NA;NA;NA;NA;NA;NA;NA;NA;NA
277;Plot;Large;Semmeldalen;NA;129;NA;2018;RvdW;510060;8652542;ED1950;65;2.65;2.5;2.5;2.5;NA;R;N;N;L;NA;NA;NA;1;N;N;NA;NA;NA;NA;NA
97;Plot;Large;Semmeldalen;NA;129;NA;1998;RvdW;510060;8652542;ED1950;65;2.65;9;9;9;NA;NA;NA;NA;NA;NA;NA;NA;NA;NA;NA;NA;NA;NA;NA;NA
98;Plot;Large;Semmeldalen;NA;130;NA;1998;RvdW;510252;8652250;ED1950;35;0.62;7;7;7;NA;NA;NA;NA;NA;NA;NA;NA;NA;NA;NA;NA;NA;NA;NA;NA
278;Plot;Large;Semmeldalen;NA;130;NA;2018;RvdW;510252;8652250;ED1950;35;0.62;7;7;7;NA;G;Y;Y;H;NA;NA;NA;0;Y;Y;Y;NA;NA;NA;NA
99;Plot;Large;Semmeldalen;NA;131;NA;1998;RvdW;510328;8652135;ED1950;35;1.01;7;7;7;NA;NA;NA;NA;NA;NA;NA;NA;NA;NA;NA;NA;NA;NA;NA;NA
279;Plot;Large;Semmeldalen;NA;131;NA;2018;RvdW;510328;8652135;ED1950;35;1.01;7;7;7;NA;G;Y;Y;L;NA;NA;NA;0;Y;Y;N;NA;NA;NA;NA
280;Plot;Large;Semmeldalen;NA;132;NA;2018;RvdW;511144;8651094;ED1950;25;1.98;3.5;3.5;3.5;NA;G;Y;Y;M;NA;NA;NA;1;Y;Y;NA;NA;NA;NA;NA
100;Plot;Large;Semmeldalen;NA;132;NA;1998;RvdW;511144;8651094;ED1950;25;1.98;9;9;9;NA;NA;NA;NA;NA;NA;NA;NA;NA;NA;NA;NA;NA;NA;NA;NA
101;Plot;Large;Semmeldalen;NA;133;NA;1998;RvdW;511163;8650413;ED1950;15;1.2;8;8;8;NA;NA;NA;NA;NA;NA;NA;NA;NA;NA;NA;NA;NA;NA;NA;NA
281;Plot;Large;Semmeldalen;NA;133;NA;2018;RvdW;511163;8650413;ED1950;15;1.2;NA;NA;NA;NA;NA;NA;NA;NA;NA;NA;NA;NA;NA;NA;NA;NA;NA;NA;NA
102;Plot;Large;Semmeldalen;NA;134;NA;1998;RvdW;511101;8650246;ED1950;16;0.79;7;7;7;NA;NA;NA;NA;NA;NA;NA;NA;NA;NA;NA;NA;NA;NA;NA;NA
282;Plot;Large;Semmeldalen;NA;134;NA;2018;RvdW;511101;8650246;ED1950;16;0.79;7;7;7;NA;G;Y;Y;M;NA;NA;NA;0;Y;Y;NA;NA;NA;NA;NA
283;Plot;Large;Semmeldalen;NA;135;NA;2018;RvdW;511071;8650009;ED1950;15;1.62;3.5;3.5;3.5;NA;G;Y;Y;L;NA;NA;NA;0;Y;Y;NA;NA;NA;NA;NA
103;Plot;Large;Semmeldalen;NA;135;NA;1998;RvdW;511071;8650009;ED1950;15;1.62;9;9;9;NA;NA;NA;NA;NA;NA;NA;NA;NA;NA;NA;NA;NA;NA;NA;NA
104;Plot;Large;Semmeldalen;NA;136;NA;1998;RvdW;510993;8649836;ED1950;15;0.6;7;7;7;NA;NA;NA;NA;NA;NA;NA;NA;NA;NA;NA;NA;NA;NA;NA;NA
284;Plot;Large;Semmeldalen;NA;136;NA;2018;RvdW;510993;8649836;ED1950;15;0.6;7;7;7;NA;G,R;Y;N;L;NA;NA;NA;0;Y;Y;NA;NA;Walkingbyreindeer;NA;NA
105;Plot;Large;Semmeldalen;NA;137;NA;1998;RvdW;510620;8648645;ED1950;13;1.11;7;7;7;NA;NA;NA;NA;NA;NA;NA;NA;NA;NA;NA;NA;NA;NA;NA;NA
285;Plot;Large;Semmeldalen;NA;137;NA;2018;RvdW;510620;8648645;ED1950;13;1.11;NA;NA;NA;NA;NA;NA;NA;NA;NA;NA;NA;NA;NA;NA;NA;NA;NA;NA;NA
106;Plot;Large;Semmeldalen;NA;138;NA;1998;RvdW;510872;8649027;ED1950;14;1;9;9;9;NA;NA;NA;NA;NA;NA;NA;NA;NA;NA;NA;NA;NA;NA;NA;NA
286;Plot;Large;Semmeldalen;NA;138;NA;2018;RvdW;510872;8649027;ED1950;14;1;NA;NA;NA;NA;NA;NA;NA;NA;NA;NA;NA;NA;NA;NA;NA;NA;NA;NA;NA
107;Plot;Large;Semmeldalen;NA;139;NA;1998;RvdW;510621;8651388;ED1950;35;2.85;9;9;9;NA;NA;NA;NA;NA;NA;NA;NA;NA;NA;NA;NA;NA;NA;NA;NA
287;Plot;Large;Semmeldalen;NA;139;NA;2018;RvdW;510621;8651388;ED1950;35;2.85;NA;NA;NA;NA;NA;NA;NA;NA;NA;NA;NA;NA;NA;NA;NA;NA;NA;NA;NA
108;Plot;Large;Semmeldalen;NA;140;NA;1998;RvdW;510100;8651212;ED1950;25;2.2;4;4;4;NA;NA;NA;NA;NA;NA;NA;NA;NA;NA;NA;NA;NA;NA;NA;NA
288;Plot;Large;Semmeldalen;NA;140;NA;2018;RvdW;510100;8651212;ED1950;25;2.2;NA;NA;NA;NA;NA;NA;NA;NA;NA;NA;NA;NA;NA;NA;NA;NA;NA;NA;NA
109;Plot;Large;Semmeldalen;NA;141;NA;1998;RvdW;509224;8651061;ED1950;40;1.96;9;9;9;NA;NA;NA;NA;NA;NA;NA;NA;NA;NA;NA;NA;NA;NA;NA;NA
289;Plot;Large;Semmeldalen;NA;141;NA;2018;RvdW;509224;8651061;ED1950;40;1.96;NA;NA;NA;NA;NA;NA;NA;NA;NA;NA;NA;NA;NA;NA;NA;NA;NA;NA;NA
110;Plot;Large;Kalvdalen;NA;142;NA;1998;RvdW;507339;8649867;ED1950;80;6.02;4;4;4;NA;NA;NA;NA;NA;NA;NA;NA;NA;NA;NA;NA;NA;NA;NA;NA
290;Plot;Large;Kalvdalen;NA;142;NA;2018;RvdW;507339;8649867;ED1950;80;6.02;4;4;4;NA;G;Y;Y;M;NA;NA;NA;0;Y;Y;N;NA;NA;NA;NA
111;Plot;Large;Kalvdalen;NA;144;NA;1998;RvdW;506934;8649985;ED1950;75;9.75;4;4;4;NA;NA;NA;NA;NA;NA;NA;NA;NA;NA;NA;NA;NA;NA;NA;NA
291;Plot;Large;Kalvdalen;NA;144;NA;2018;RvdW;506934;8649985;ED1950;75;9.75;4;4;4;NA;G;Y;Y;L;NA;NA;NA;0;Y;Y;N;NA;NA;NA;NA
112;Plot;Large;Kalvdalen;NA;145;NA;1998;RvdW;506583;8650047;ED1950;75;5.26;4;4;4;NA;NA;NA;NA;NA;NA;NA;NA;NA;NA;NA;NA;NA;NA;NA;NA
292;Plot;Large;Kalvdalen;NA;145;NA;2018;RvdW;506583;8650047;ED1950;75;5.26;4;4;4;NA;G;Y;Y;L;NA;NA;NA;1;Y;Y;N;NA;NA;NA;NA
293;Plot;Large;Kalvdalen;NA;146;NA;2018;RvdW;505979;8650351;ED1950;95;4.48;4;4;4;NA;G;Y;Y;L;NA;NA;NA;0;Y;Y;N;NA;NA;NA;NA
113;Plot;Large;Kalvdalen;NA;146;NA;1998;RvdW;505979;8650351;ED1950;95;4.48;9;9;9;NA;NA;NA;NA;NA;NA;NA;NA;NA;NA;NA;NA;NA;NA;NA;NA
114;Plot;Large;Kalvdalen;NA;147;NA;1998;RvdW;505983;8650361;ED1950;100;4.37;9;9;9;NA;NA;NA;NA;NA;NA;NA;NA;NA;NA;NA;NA;NA;NA;NA;NA
294;Plot;Large;Kalvdalen;NA;147;NA;2018;RvdW;505983;8650361;ED1950;100;4.37;NA;NA;NA;NA;NA;NA;NA;NA;NA;NA;NA;NA;NA;NA;NA;NA;NA;NA;NA
115;Plot;Large;Kalvdalen;NA;148;NA;1998;RvdW;505245;8650465;ED1950;125;9.2;4;4;4;NA;NA;NA;NA;NA;NA;NA;NA;NA;NA;NA;NA;NA;NA;NA;NA
295;Plot;Large;Kalvdalen;NA;148;NA;2018;RvdW;505245;8650465;ED1950;125;9.2;4;4;4;NA;G;Y;Y;L;NA;NA;NA;0;Y;Y;N;NA;NA;NA;NA
296;Plot;Large;Kalvdalen;NA;149;NA;2018;RvdW;504950;8650517;ED1950;125;5.85;3.5;3.5;3.5;NA;G;Y;Y;L;NA;NA;NA;1;Y;Y;N;NA;Blackcrustgrubbed;NA;NA
116;Plot;Large;Kalvdalen;NA;149;NA;1998;RvdW;504950;8650517;ED1950;125;5.85;4;4;4;NA;NA;NA;NA;NA;NA;NA;NA;NA;NA;NA;NA;NA;NA;NA;NA
297;Plot;Large;Kalvdalen;NA;150;NA;2018;RvdW;504923;8650325;ED1950;104;2.89;5;5;5;NA;G,R;Y;N;L;NA;NA;NA;1;Y;Y;N;NA;Reindeerwalking,goosegrubbingbreakingblackcrust;NA;NA
117;Plot;Large;Kalvdalen;NA;150;NA;1998;RvdW;504923;8650325;ED1950;104;2.89;9;9;9;NA;NA;NA;NA;NA;NA;NA;NA;NA;NA;NA;NA;NA;NA;NA;NA
118;Plot;Large;Kalvdalen;NA;151;NA;1998;RvdW;505148;8650101;ED1950;87;4.01;4;4;4;NA;NA;NA;NA;NA;NA;NA;NA;NA;NA;NA;NA;NA;NA;NA;NA
298;Plot;Large;Kalvdalen;NA;151;NA;2018;RvdW;505148;8650101;ED1950;87;4.01;4;4;4;NA;G;Y;Y;L;NA;NA;NA;1;Y;Y;N;NA;NA;NA;NA
299;Plot;Large;Kalvdalen;NA;152;NA;2018;RvdW;505566;8650026;ED1950;77;3.44;0;0;0;NA;R;N;N;L;NA;NA;NA;1;N;N;N;NA;Breakingthroughblackcrust;NA;NA
119;Plot;Large;Kalvdalen;NA;152;NA;1998;RvdW;505566;8650026;ED1950;77;3.44;6;6;6;NA;NA;NA;NA;NA;NA;NA;NA;NA;NA;NA;NA;NA;NA;NA;NA
120;Plot;Large;Kalvdalen;NA;153;NA;1998;RvdW;506050;8649873;ED1950;65;3.83;4;4;4;NA;NA;NA;NA;NA;NA;NA;NA;NA;NA;NA;NA;NA;NA;NA;NA
300;Plot;Large;Kalvdalen;NA;153;NA;2018;RvdW;506050;8649873;ED1950;65;3.83;4;4;4;NA;G;Y;Y;L;NA;NA;NA;0;Y;Y;N;NA;NA;NA;NA
301;Plot;Large;Kalvdalen;NA;154;NA;2018;RvdW;506438;8649823;ED1950;55;4.14;3.5;3.5;3.5;NA;G;Y;Y;L;NA;NA;NA;1;Y;Y;N;NA;NA;NA;NA
121;Plot;Large;Kalvdalen;NA;154;NA;1998;RvdW;506438;8649823;ED1950;55;4.14;4;4;4;NA;NA;NA;NA;NA;NA;NA;NA;NA;NA;NA;NA;NA;NA;NA;NA
122;Plot;Large;Kalvdalen;NA;155;NA;1998;RvdW;506979;8649718;ED1950;48;1.43;9;9;9;NA;NA;NA;NA;NA;NA;NA;NA;NA;NA;NA;NA;NA;NA;NA;NA
302;Plot;Large;Kalvdalen;NA;155;NA;2018;RvdW;506979;8649718;ED1950;48;1.43;NA;NA;NA;NA;NA;NA;NA;NA;NA;NA;NA;NA;NA;NA;NA;NA;NA;NA;NA
123;Plot;Large;Semmeldalen;NA;156;NA;1998;RvdW;508083;8649674;ED1950;65;5.42;2.5;2.5;2.5;NA;NA;NA;NA;NA;NA;NA;NA;NA;NA;NA;NA;NA;NA;NA;NA
303;Plot;Large;Semmeldalen;NA;156;NA;2018;RvdW;508083;8649674;ED1950;65;5.42;2.5;2.5;2.5;NA;NA;NA;NA;NA;NA;NA;NA;NA;NA;NA;NA;NA;NA;NA;NA
124;Plot;Large;Semmeldalen;NA;157;NA;1998;RvdW;508812;8650661;ED1950;60;3.51;9;9;9;NA;NA;NA;NA;NA;NA;NA;NA;NA;NA;NA;NA;NA;NA;NA;NA
304;Plot;Large;Semmeldalen;NA;157;NA;2018;RvdW;508812;8650661;ED1950;60;3.51;NA;NA;NA;NA;NA;NA;NA;NA;NA;NA;NA;NA;NA;NA;NA;NA;NA;NA;NA
305;Plot;Large;Semmeldalen;NA;158;NA;2018;RvdW;508712;8651730;ED1950;85;5.78;4;4;4;NA;R,G;Y;N;M;NA;NA;NA;2;Y;Y;N;NA;Antlerbrushing,grubbing;NA;NA
125;Plot;Large;Semmeldalen;NA;158;NA;1998;RvdW;508712;8651730;ED1950;85;5.78;5;5;5;NA;NA;NA;NA;NA;NA;NA;NA;NA;NA;NA;NA;NA;NA;NA;NA
306;Plot;Large;Semmeldalen;NA;159;NA;2018;RvdW;508674;8651777;ED1950;85;6.32;3.5;3.5;3.5;NA;R;N;N;L;NA;NA;NA;1;N;N;N;NA;NA;NA;NA
126;Plot;Large;Semmeldalen;NA;159;NA;1998;RvdW;508674;8651777;ED1950;85;6.32;9;9;9;NA;NA;NA;NA;NA;NA;NA;NA;NA;NA;NA;NA;NA;NA;NA;NA
307;Plot;Large;Semmeldalen;NA;160;NA;2018;RvdW;508674;8652031;ED1950;80;6.07;3.5;3.5;3.5;NA;NA;NA;NA;NA;NA;NA;NA;NA;NA;NA;NA;NA;NA;NA;NA
127;Plot;Large;Semmeldalen;NA;160;NA;1998;RvdW;508674;8652031;ED1950;80;6.07;9;9;9;NA;NA;NA;NA;NA;NA;NA;NA;NA;NA;NA;NA;NA;NA;NA;NA
128;Plot;Large;Semmeldalen;NA;161;NA;1998;RvdW;508969;8652707;ED1950;45;2.57;4;4;4;NA;NA;NA;NA;NA;NA;NA;NA;NA;NA;NA;NA;NA;NA;NA;NA
308;Plot;Large;Semmeldalen;NA;161;NA;2018;RvdW;508969;8652707;ED1950;45;2.57;5;5;5;NA;G;Y;Y;L;NA;NA;NA;0;Y;Y;N;NA;NA;NA;NA
129;Plot;Large;Semmeldalen;NA;162;NA;1998;RvdW;509245;8652947;ED1950;34;1.2;5;5;5;NA;NA;NA;NA;NA;NA;NA;NA;NA;NA;NA;NA;NA;NA;NA;NA
309;Plot;Large;Semmeldalen;NA;162;NA;2018;RvdW;509245;8652947;ED1950;34;1.2;7;7;7;NA;G,E;Y;N;H;NA;NA;NA;3;N;Y;N;NA;NA;NA;NA
130;Plot;Large;Semmeldalen;NA;163;NA;1998;RvdW;509319;8653173;ED1950;33;1.19;7;7;7;NA;NA;NA;NA;NA;NA;NA;NA;NA;NA;NA;NA;NA;NA;NA;NA
310;Plot;Large;Semmeldalen;NA;163;NA;2018;RvdW;509319;8653173;ED1950;33;1.19;7;7;7;NA;G;Y;Y;H;NA;NA;NA;1;Y;Y;N;NA;Inriverplain,drytype;NA;NA
131;Plot;Large;Semmeldalen;NA;164;NA;1998;RvdW;509227;8653504;ED1950;36;0.94;7;7;7;NA;NA;NA;NA;NA;NA;NA;NA;NA;NA;NA;NA;NA;NA;NA;NA
311;Plot;Large;Semmeldalen;NA;164;NA;2018;RvdW;509227;8653504;ED1950;36;0.94;7;7;7;NA;G;Y;Y;H;NA;NA;NA;0;Y;Y;N;NA;NA;NA;NA
132;Plot;Large;Semmeldalen;NA;165;NA;1998;RvdW;508993;8653806;ED1950;42;4.5;3.5;3.5;3.5;NA;NA;NA;NA;NA;NA;NA;NA;NA;NA;NA;NA;NA;NA;NA;NA
312;Plot;Large;Semmeldalen;NA;165;NA;2018;RvdW;508993;8653806;ED1950;42;4.5;3.5;3.5;3.5;NA;E,R;N;N;M;NA;NA;NA;2;N;N;N;NA;Wintergrazing,frostboil;NA;NA
313;Plot;Large;Semmeldalen;NA;166;NA;2018;RvdW;508700;8654262;ED1950;50;1.26;3.5;3.5;3.5;NA;NA;NA;NA;NA;NA;NA;NA;NA;NA;NA;NA;NA;NA;NA;NA
133;Plot;Large;Semmeldalen;NA;166;NA;1998;RvdW;508700;8654262;ED1950;50;1.26;9;9;9;NA;NA;NA;NA;NA;NA;NA;NA;NA;NA;NA;NA;NA;NA;NA;NA
314;Plot;Large;Semmeldalen;NA;167;NA;2018;RvdW;508350;8654641;ED1950;53;2.87;3.5;3.5;3.5;NA;E,G;Y;N;L;NA;NA;NA;1;N;Y;N;NA;NA;NA;NA
134;Plot;Large;Semmeldalen;NA;167;NA;1998;RvdW;508350;8654641;ED1950;53;2.87;9;9;9;NA;NA;NA;NA;NA;NA;NA;NA;NA;NA;NA;NA;NA;NA;NA;NA
315;Plot;Large;Semmeldalen;NA;168;NA;2018;RvdW;508282;8655072;ED1950;55;0.68;3;3;3;NA;NA;NA;NA;NA;NA;NA;NA;NA;NA;NA;NA;NA;NA;NA;NA
135;Plot;Large;Semmeldalen;NA;168;NA;1998;RvdW;508282;8655072;ED1950;55;0.68;9;9;9;NA;NA;NA;NA;NA;NA;NA;NA;NA;NA;NA;NA;NA;NA;NA;NA
136;Plot;Large;Semmeldalen;NA;169;NA;1998;RvdW;508119;8658370;ED1950;105;5.22;8;8;8;NA;NA;NA;NA;NA;NA;NA;NA;NA;NA;NA;NA;NA;NA;NA;NA
316;Plot;Large;Semmeldalen;NA;169;NA;2018;RvdW;508119;8658370;ED1950;105;5.22;NA;NA;NA;NA;NA;NA;NA;NA;NA;NA;NA;NA;NA;NA;NA;NA;NA;NA;NA
137;Plot;Large;Skiferdalen;NA;170;NA;1998;RvdW;508265;8660211;ED1950;185;24.23;9;9;9;NA;NA;NA;NA;NA;NA;NA;NA;NA;NA;NA;NA;NA;NA;NA;NA
317;Plot;Large;Skiferdalen;NA;170;NA;2018;RvdW;508265;8660211;ED1950;185;24.23;NA;NA;NA;NA;NA;NA;NA;NA;NA;NA;NA;NA;NA;NA;NA;NA;NA;NA;NA
138;Plot;Large;Skiferdalen;NA;171;NA;1998;RvdW;508322;8660333;ED1950;200;8.45;4;4;4;NA;NA;NA;NA;NA;NA;NA;NA;NA;NA;NA;NA;NA;NA;NA;NA
318;Plot;Large;Skiferdalen;NA;171;NA;2018;RvdW;508322;8660333;ED1950;200;8.45;NA;NA;NA;NA;NA;NA;NA;NA;NA;NA;NA;NA;NA;NA;NA;NA;NA;NA;NA
139;Plot;Large;Skiferdalen;NA;172;NA;1998;RvdW;508212;8660428;ED1950;185;21.76;4;4;4;NA;NA;NA;NA;NA;NA;NA;NA;NA;NA;NA;NA;NA;NA;NA;NA
319;Plot;Large;Skiferdalen;NA;172;NA;2018;RvdW;508212;8660428;ED1950;185;21.76;NA;NA;NA;NA;NA;NA;NA;NA;NA;NA;NA;NA;NA;NA;NA;NA;NA;NA;NA
140;Plot;Large;Skiferdalen;NA;173;NA;1998;RvdW;508264;8661268;ED1950;210;4.47;4;4;4;NA;NA;NA;NA;NA;NA;NA;NA;NA;NA;NA;NA;NA;NA;NA;NA
320;Plot;Large;Skiferdalen;NA;173;NA;2018;RvdW;508264;8661268;ED1950;210;4.47;NA;NA;NA;NA;NA;NA;NA;NA;NA;NA;NA;NA;NA;NA;NA;NA;NA;NA;NA
141;Plot;Large;Skiferdalen;NA;174;NA;1998;RvdW;508326;8661450;ED1950;235;10.83;4;4;4;NA;NA;NA;NA;NA;NA;NA;NA;NA;NA;NA;NA;NA;NA;NA;NA
321;Plot;Large;Skiferdalen;NA;174;NA;2018;RvdW;508326;8661450;ED1950;235;10.83;NA;NA;NA;NA;NA;NA;NA;NA;NA;NA;NA;NA;NA;NA;NA;NA;NA;NA;NA
142;Plot;Large;Skiferdalen;NA;175;NA;1998;RvdW;508421;8661569;ED1950;225;5.07;9;9;9;NA;NA;NA;NA;NA;NA;NA;NA;NA;NA;NA;NA;NA;NA;NA;NA
322;Plot;Large;Skiferdalen;NA;175;NA;2018;RvdW;508421;8661569;ED1950;225;5.07;NA;NA;NA;NA;NA;NA;NA;NA;NA;NA;NA;NA;NA;NA;NA;NA;NA;NA;NA
143;Plot;Large;Skiferdalen;NA;176;NA;1998;RvdW;508635;8661927;ED1950;227;1.97;4;4;4;NA;NA;NA;NA;NA;NA;NA;NA;NA;NA;NA;NA;NA;NA;NA;NA
323;Plot;Large;Skiferdalen;NA;176;NA;2018;RvdW;508635;8661927;ED1950;227;1.97;NA;NA;NA;NA;NA;NA;NA;NA;NA;NA;NA;NA;NA;NA;NA;NA;NA;NA;NA
144;Plot;Large;Skiferdalen;NA;177;NA;1998;RvdW;508773;8662212;ED1950;230;9.53;6;6;6;NA;NA;NA;NA;NA;NA;NA;NA;NA;NA;NA;NA;NA;NA;NA;NA
324;Plot;Large;Skiferdalen;NA;177;NA;2018;RvdW;508773;8662212;ED1950;230;9.53;NA;NA;NA;NA;NA;NA;NA;NA;NA;NA;NA;NA;NA;NA;NA;NA;NA;NA;NA
145;Plot;Large;Colesdalen;NA;178;NA;1998;RvdW;510290;8663411;ED1950;160;2.67;9;9;9;NA;NA;NA;NA;NA;NA;NA;NA;NA;NA;NA;NA;NA;NA;NA;NA
325;Plot;Large;Colesdalen;NA;178;NA;2018;RvdW;510290;8663411;ED1950;160;2.67;NA;NA;NA;NA;NA;NA;NA;NA;NA;NA;NA;NA;NA;NA;NA;NA;NA;NA;NA
146;Plot;Large;Colesdalen;NA;179;NA;1998;RvdW;510791;8663687;ED1950;205;10.06;9;9;9;NA;NA;NA;NA;NA;NA;NA;NA;NA;NA;NA;NA;NA;NA;NA;NA
326;Plot;Large;Colesdalen;NA;179;NA;2018;RvdW;510791;8663687;ED1950;205;10.06;NA;NA;NA;NA;NA;NA;NA;NA;NA;NA;NA;NA;NA;NA;NA;NA;NA;NA;NA
147;Plot;Large;Colesdalen;NA;180;NA;1998;RvdW;510962;8663890;ED1950;265;12.18;4;4;4;NA;NA;NA;NA;NA;NA;NA;NA;NA;NA;NA;NA;NA;NA;NA;NA
327;Plot;Large;Colesdalen;NA;180;NA;2018;RvdW;510962;8663890;ED1950;265;12.18;4;4;4;NA;E;N;N;VH;NA;NA;NA;4;N;N;N;NA;Graveldumped;NA;NA
148;Plot;Large;Colesdalen;NA;181;NA;1998;RvdW;510800;8664629;ED1950;220;23.24;2;2;2;NA;NA;NA;NA;NA;NA;NA;NA;NA;NA;NA;NA;NA;NA;NA;NA
328;Plot;Large;Colesdalen;NA;181;NA;2018;RvdW;510800;8664629;ED1950;220;23.24;2;2;2;NA;NA;NA;NA;NA;NA;NA;NA;NA;NA;NA;NA;NA;NA;NA;NA
329;Plot;Large;Colesdalen;NA;182;NA;2018;RvdW;510527;8664924;ED1950;165;7.57;4;4;4;NA;G;Y;Y;L;NA;NA;NA;0;Y;Y;N;NA;Bordering3.5;NA;NA
149;Plot;Large;Colesdalen;NA;182;NA;1998;RvdW;510527;8664924;ED1950;165;7.57;9;9;9;NA;NA;NA;NA;NA;NA;NA;NA;NA;NA;NA;NA;NA;NA;NA;NA
150;Plot;Large;Colesdalen;NA;183;NA;1998;RvdW;510313;8665519;ED1950;115;3.83;9;9;9;NA;NA;NA;NA;NA;NA;NA;NA;NA;NA;NA;NA;NA;NA;NA;NA
330;Plot;Large;Colesdalen;NA;183;NA;2018;RvdW;510313;8665519;ED1950;115;3.83;NA;NA;NA;NA;R,G;Y;N;L;NA;NA;NA;0;Y;Y;N;NA;Wintergrazingandtramplingoffrostheave;NA;NA
151;Plot;Large;Colesdalen;NA;184;NA;1998;RvdW;509813;8665857;ED1950;90;1.93;5;5;5;NA;NA;NA;NA;NA;NA;NA;NA;NA;NA;NA;NA;NA;NA;NA;NA
331;Plot;Large;Colesdalen;NA;184;NA;2018;RvdW;509813;8665857;ED1950;90;1.93;5;5;5;NA;G;Y;Y;H;NA;NA;NA;1;Y;Y;N;NA;NA;NA;NA
152;Plot;Large;Colesdalen;NA;185;NA;1998;RvdW;509753;8665925;ED1950;87;2.66;7;7;7;NA;NA;NA;NA;NA;NA;NA;NA;NA;NA;NA;NA;NA;NA;NA;NA
332;Plot;Large;Colesdalen;NA;185;NA;2018;RvdW;509753;8665925;ED1950;87;2.66;7;7;7;NA;E,G;Y;N;L;NA;NA;NA;0;Y;Y;NA;NA;Meltchanelrunningthroughhabitat;NA;NA
153;Plot;Large;Colesdalen;NA;186;NA;1998;RvdW;507433;8666949;ED1950;47;1.27;9;9;9;NA;NA;NA;NA;NA;NA;NA;NA;NA;NA;NA;NA;NA;NA;NA;NA
333;Plot;Large;Colesdalen;NA;186;NA;2018;RvdW;507433;8666949;ED1950;47;1.27;NA;NA;NA;NA;NA;NA;NA;NA;NA;NA;NA;NA;NA;NA;NA;NA;NA;NA;NA
334;Plot;Large;Colesdalen;NA;187;NA;2018;RvdW;506423;8667218;ED1950;30;1.38;3.5;3.5;3.5;NA;G;Y;Y;L;NA;NA;NA;0;N;Y;NA;NA;NA;NA;NA
154;Plot;Large;Colesdalen;NA;187;NA;1998;RvdW;506423;8667218;ED1950;30;1.38;9;9;9;NA;NA;NA;NA;NA;NA;NA;NA;NA;NA;NA;NA;NA;NA;NA;NA
155;Plot;Large;Colesdalen;NA;188;NA;1998;RvdW;506348;8667107;ED1950;35;0.25;7;7;7;NA;NA;NA;NA;NA;NA;NA;NA;NA;NA;NA;NA;NA;NA;NA;NA
335;Plot;Large;Colesdalen;NA;188;NA;2018;RvdW;506348;8667107;ED1950;35;0.25;7;7;7;NA;G;Y;Y;H;NA;NA;NA;0;Y;Y;Y;NA;NA;NA;NA
336;Plot;Large;Colesdalen;NA;189;NA;2018;RvdW;506376;8666699;ED1950;40;1.78;3.5;3.5;3.5;NA;G;Y;Y;L;NA;NA;NA;0;Y;Y;NA;NA;NA;NA;NA
156;Plot;Large;Colesdalen;NA;189;NA;1998;RvdW;506376;8666699;ED1950;40;1.78;9;9;9;NA;NA;NA;NA;NA;NA;NA;NA;NA;NA;NA;NA;NA;NA;NA;NA
337;Plot;Large;Colesdalen;NA;190;NA;2018;RvdW;507885;8666654;ED1950;80;1.79;3.5;3.5;3.5;NA;E,R,G;Y;N;L;NA;NA;NA;2;Y;Y;NA;NA;Reindeerfootprints;NA;NA
157;Plot;Large;Colesdalen;NA;190;NA;1998;RvdW;507885;8666654;ED1950;80;1.79;9;9;9;NA;NA;NA;NA;NA;NA;NA;NA;NA;NA;NA;NA;NA;NA;NA;NA
158;Plot;Large;Colesdalen;NA;192;NA;1998;RvdW;505607;8667235;ED1950;27;0.52;4;4;4;NA;NA;NA;NA;NA;NA;NA;NA;NA;NA;NA;NA;NA;NA;NA;NA
338;Plot;Large;Colesdalen;NA;192;NA;2018;RvdW;505607;8667235;ED1950;27;0.52;5;5;5;NA;G;Y;Y;L;NA;NA;NA;0;Y;Y;N;NA;NA;NA;NA
159;Plot;Large;Colesdalen;NA;193;NA;1998;RvdW;505540;8667434;ED1950;26;1.05;5;5;5;NA;NA;NA;NA;NA;NA;NA;NA;NA;NA;NA;NA;NA;NA;NA;NA
339;Plot;Large;Colesdalen;NA;193;NA;2018;RvdW;505540;8667434;ED1950;26;1.05;5;5;5;NA;G;Y;Y;H;NA;NA;NA;0;Y;Y;Y;NA;NA;NA;NA
340;Plot;Large;Colesdalen;NA;194;NA;2018;RvdW;505118;8667319;ED1950;25;1.18;3.5;3.5;3.5;NA;E,G;Y;N;M;NA;NA;NA;1;Y;Y;N;NA;Frostboil;NA;NA
160;Plot;Large;Colesdalen;NA;194;NA;1998;RvdW;505118;8667319;ED1950;25;1.18;9;9;9;NA;NA;NA;NA;NA;NA;NA;NA;NA;NA;NA;NA;NA;NA;NA;NA
161;Plot;Large;Colesdalen;NA;195;NA;1998;RvdW;504736;8667240;ED1950;30;1.99;7;7;7;NA;NA;NA;NA;NA;NA;NA;NA;NA;NA;NA;NA;NA;NA;NA;NA
341;Plot;Large;Colesdalen;NA;195;NA;2018;RvdW;504736;8667240;ED1950;30;1.99;7;7;7;NA;G;Y;Y;H;NA;NA;NA;0;N;Y;N;NA;NA;NA;NA
162;Plot;Large;Colesdalen;NA;196;NA;1998;RvdW;503706;8667301;ED1950;19;2.1;4;4;4;NA;NA;NA;NA;NA;NA;NA;NA;NA;NA;NA;NA;NA;NA;NA;NA
342;Plot;Large;Colesdalen;NA;196;NA;2018;RvdW;503706;8667301;ED1950;19;2.1;4;4;4;NA;G,E;Y;N;L;NA;NA;NA;0;N;Y;N;NA;NA;NA;NA
163;Plot;Large;Synndalen;NA;197;NA;1998;RvdW;503261;8666855;ED1950;75;6.94;2;2;2;NA;NA;NA;NA;NA;NA;NA;NA;NA;NA;NA;NA;NA;NA;NA;NA
343;Plot;Large;Synndalen;NA;197;NA;2018;RvdW;503261;8666855;ED1950;75;6.94;NA;NA;NA;NA;NA;NA;NA;NA;NA;NA;NA;NA;NA;NA;NA;NA;NA;NA;NA
164;Plot;Large;Synndalen;NA;198;NA;1998;RvdW;503257;8666871;ED1950;75;8.04;5;5;5;NA;NA;NA;NA;NA;NA;NA;NA;NA;NA;NA;NA;NA;NA;NA;NA
344;Plot;Large;Synndalen;NA;198;NA;2018;RvdW;503257;8666871;ED1950;75;8.04;NA;NA;NA;NA;NA;NA;NA;NA;NA;NA;NA;NA;NA;NA;NA;NA;NA;NA;NA
165;Plot;Large;Synndalen;NA;199;NA;1998;RvdW;502895;8666810;ED1950;50;3.63;5;5;5;NA;NA;NA;NA;NA;NA;NA;NA;NA;NA;NA;NA;NA;NA;NA;NA
345;Plot;Large;Synndalen;NA;199;NA;2018;RvdW;502895;8666810;ED1950;50;3.63;NA;NA;NA;NA;NA;NA;NA;NA;NA;NA;NA;NA;NA;NA;NA;NA;NA;NA;NA
166;Plot;Large;Synndalen;NA;200;NA;1998;RvdW;502490;8666165;ED1950;60;7.18;2;2;2;NA;NA;NA;NA;NA;NA;NA;NA;NA;NA;NA;NA;NA;NA;NA;NA
346;Plot;Large;Synndalen;NA;200;NA;2018;RvdW;502490;8666165;ED1950;60;7.18;3.5;3.5;3.5;NA;G;Y;Y;L;NA;NA;NA;0;Y;Y;N;NA;NA;NA;NA
167;Plot;Large;Synndalen;NA;201;NA;1998;RvdW;502315;8665645;ED1950;60;7.71;9;9;9;NA;NA;NA;NA;NA;NA;NA;NA;NA;NA;NA;NA;NA;NA;NA;NA
347;Plot;Large;Synndalen;NA;201;NA;2018;RvdW;502315;8665645;ED1950;60;7.71;NA;NA;NA;NA;NA;NA;NA;NA;NA;NA;NA;NA;NA;NA;NA;NA;NA;NA;NA
168;Plot;Large;Synndalen;NA;203;NA;1998;RvdW;502600;8663459;ED1950;190;8.37;8;8;8;NA;NA;NA;NA;NA;NA;NA;NA;NA;NA;NA;NA;NA;NA;NA;NA
348;Plot;Large;Synndalen;NA;203;NA;2018;RvdW;502600;8663459;ED1950;190;8.37;NA;NA;NA;NA;NA;NA;NA;NA;NA;NA;NA;NA;NA;NA;NA;NA;NA;NA;NA
169;Plot;Large;Synndalen;NA;204;NA;1998;RvdW;502711;8662620;ED1950;230;4.11;6;6;6;NA;NA;NA;NA;NA;NA;NA;NA;NA;NA;NA;NA;NA;NA;NA;NA
349;Plot;Large;Synndalen;NA;204;NA;2018;RvdW;502711;8662620;ED1950;230;4.11;NA;NA;NA;NA;NA;NA;NA;NA;NA;NA;NA;NA;NA;NA;NA;NA;NA;NA;NA
170;Plot;Large;Skiferdalen;NA;205;NA;1998;RvdW;507970;8658114;ED1950;98;3.41;8;8;8;NA;NA;NA;NA;NA;NA;NA;NA;NA;NA;NA;NA;NA;NA;NA;NA
350;Plot;Large;Skiferdalen;NA;205;NA;2018;RvdW;507970;8658114;ED1950;98;3.41;NA;NA;NA;NA;NA;NA;NA;NA;NA;NA;NA;NA;NA;NA;NA;NA;NA;NA;NA
171;Plot;Large;Skiferdalen;NA;206;NA;1998;RvdW;508162;8658379;ED1950;110;6.69;7;7;7;NA;NA;NA;NA;NA;NA;NA;NA;NA;NA;NA;NA;NA;NA;NA;NA
351;Plot;Large;Skiferdalen;NA;206;NA;2018;RvdW;508162;8658379;ED1950;110;6.69;7;7;7;NA;G;Y;Y;M;NA;NA;NA;0;Y;Y;N;NA;NA;NA;NA
172;Plot;Large;Skiferdalen;NA;207;NA;1998;RvdW;508243;8658521;ED1950;120;8.8;5;5;5;NA;NA;NA;NA;NA;NA;NA;NA;NA;NA;NA;NA;NA;NA;NA;NA
352;Plot;Large;Skiferdalen;NA;207;NA;2018;RvdW;508243;8658521;ED1950;120;8.8;NA;NA;NA;NA;NA;NA;NA;NA;NA;NA;NA;NA;NA;NA;NA;NA;NA;NA;NA
173;Plot;Large;Skiferdalen;NA;208;NA;1998;RvdW;508261;8658725;ED1950;125;15.84;6;6;6;NA;NA;NA;NA;NA;NA;NA;NA;NA;NA;NA;NA;NA;NA;NA;NA
353;Plot;Large;Skiferdalen;NA;208;NA;2018;RvdW;508261;8658725;ED1950;125;15.84;NA;NA;NA;NA;NA;NA;NA;NA;NA;NA;NA;NA;NA;NA;NA;NA;NA;NA;NA
174;Plot;Large;Skiferdalen;NA;209;NA;1998;RvdW;508309;8659054;ED1950;130;13.08;4;4;4;NA;NA;NA;NA;NA;NA;NA;NA;NA;NA;NA;NA;NA;NA;NA;NA
354;Plot;Large;Skiferdalen;NA;209;NA;2018;RvdW;508309;8659054;ED1950;130;13.08;NA;NA;NA;NA;NA;NA;NA;NA;NA;NA;NA;NA;NA;NA;NA;NA;NA;NA;NA
175;Plot;Large;Skiferdalen;NA;210;NA;1998;RvdW;508339;8659227;ED1950;135;3.8;6;6;6;NA;NA;NA;NA;NA;NA;NA;NA;NA;NA;NA;NA;NA;NA;NA;NA
355;Plot;Large;Skiferdalen;NA;210;NA;2018;RvdW;508339;8659227;ED1950;135;3.8;NA;NA;NA;NA;NA;NA;NA;NA;NA;NA;NA;NA;NA;NA;NA;NA;NA;NA;NA
176;Plot;Large;Skiferdalen;NA;211;NA;1998;RvdW;508320;8659340;ED1950;135;5.71;4;4;4;NA;NA;NA;NA;NA;NA;NA;NA;NA;NA;NA;NA;NA;NA;NA;NA
356;Plot;Large;Skiferdalen;NA;211;NA;2018;RvdW;508320;8659340;ED1950;135;5.71;NA;NA;NA;NA;NA;NA;NA;NA;NA;NA;NA;NA;NA;NA;NA;NA;NA;NA;NA
177;Plot;Large;Skiferdalen;NA;212;NA;1998;RvdW;508476;8659764;ED1950;180;16.09;8;8;8;NA;NA;NA;NA;NA;NA;NA;NA;NA;NA;NA;NA;NA;NA;NA;NA
357;Plot;Large;Skiferdalen;NA;212;NA;2018;RvdW;508476;8659764;ED1950;180;16.09;NA;NA;NA;NA;NA;NA;NA;NA;NA;NA;NA;NA;NA;NA;NA;NA;NA;NA;NA
178;Plot;Large;Skiferdalen;NA;213;NA;1998;RvdW;508590;8659760;ED1950;195;7.37;9;9;9;NA;NA;NA;NA;NA;NA;NA;NA;NA;NA;NA;NA;NA;NA;NA;NA
358;Plot;Large;Skiferdalen;NA;213;NA;2018;RvdW;508590;8659760;ED1950;195;7.37;NA;NA;NA;NA;NA;NA;NA;NA;NA;NA;NA;NA;NA;NA;NA;NA;NA;NA;NA
179;Plot;Large;Skiferdalen;NA;214;NA;1998;RvdW;508693;8659739;ED1950;210;8.73;3;3;3;NA;NA;NA;NA;NA;NA;NA;NA;NA;NA;NA;NA;NA;NA;NA;NA
359;Plot;Large;Skiferdalen;NA;214;NA;2018;RvdW;508693;8659739;ED1950;210;8.73;NA;NA;NA;NA;NA;NA;NA;NA;NA;NA;NA;NA;NA;NA;NA;NA;NA;NA;NA
180;Plot;Large;Skiferdalen;NA;215;NA;1998;RvdW;508775;8659325;ED1950;215;30.42;9;9;9;NA;NA;NA;NA;NA;NA;NA;NA;NA;NA;NA;NA;NA;NA;NA;NA
360;Plot;Large;Skiferdalen;NA;215;NA;2018;RvdW;508775;8659325;ED1950;215;30.42;NA;NA;NA;NA;NA;NA;NA;NA;NA;NA;NA;NA;NA;NA;NA;NA;NA;NA;NA
