year;date;place;transect ;plot;transect_plot;habitat;frame_no;grub_SPR;probe_SPR ;p_a;observer;;;;;;;;;;;;;;;;;;;;
2011;15_July;Hanaskogdalen N;1;1;11;11;1;50;8;1;Aino;;;;;;;;;;;;;;;;;;;;
2011;15_July;Hanaskogdalen N;1;1;11;11;2;25;na;1;Aino;;;;;;;;;;;;;;;;;;;;
2011;15_July;Hanaskogdalen N;1;1;11;11;3;25;1;1;Aino;;;;;;;;;;;;;;;;;;;;
2011;15_July;Hanaskogdalen N;1;1;11;11;4;75;10;1;Aino;;;;;;;;;;;;;;;;;;;;
2011;15_July;Hanaskogdalen N;1;1;11;11;5;25;na;1;Aino;;;;;;;;;;;;;;;;;;;;
2011;15_July;Hanaskogdalen N;1;1;11;11;6;50;21;1;Aino;;;;;;;;;;;;;;;;;;;;
2011;15_July;Hanaskogdalen N;1;1;11;11;7;50;10;1;Aino;;;;;;;;;;;;;;;;;;;;
2011;15_July;Hanaskogdalen N;1;1;11;11;8;100;34;1;Aino;;;;;;;;;;;;;;;;;;;;
2011;15_July;Hanaskogdalen N;1;2;12;11;1;25;3;1;Aino;;;;;;;;;;;;;;;;;;;;
2011;15_July;Hanaskogdalen N;1;2;12;11;2;25;1;1;Aino;;;;;;;;;;;;;;;;;;;;
2011;15_July;Hanaskogdalen N;1;2;12;11;3;25;1;1;Aino;;;;;;;;;;;;;;;;;;;;
2011;15_July;Hanaskogdalen N;1;2;12;11;4;na;na;0;Aino;;;;;;;;;;;;;;;;;;;;
2011;15_July;Hanaskogdalen N;1;2;12;11;5;na;na;0;Aino;;;;;;;;;;;;;;;;;;;;
2011;15_July;Hanaskogdalen N;1;2;12;11;6;na;na;0;Aino;;;;;;;;;;;;;;;;;;;;
2011;15_July;Hanaskogdalen N;1;2;12;11;7;na;na;0;Aino;;;;;;;;;;;;;;;;;;;;
2011;15_July;Hanaskogdalen N;1;2;12;11;8;na;na;0;Aino;;;;;;;;;;;;;;;;;;;;
2011;15_July;Hanaskogdalen N;1;3;13;11;1;na;na;0;Aino;;;;;;;;;;;;;;;;;;;;
2011;15_July;Hanaskogdalen N;1;3;13;11;2;25;na;1;Aino;;;;;;;;;;;;;;;;;;;;
2011;15_July;Hanaskogdalen N;1;3;13;11;3;na;na;0;Aino;;;;;;;;;;;;;;;;;;;;
2011;15_July;Hanaskogdalen N;1;3;13;11;4;na;na;0;Aino;;;;;;;;;;;;;;;;;;;;
2011;15_July;Hanaskogdalen N;1;3;13;11;5;25;na;1;Aino;;;;;;;;;;;;;;;;;;;;
2011;15_July;Hanaskogdalen N;1;3;13;11;6;25;na;1;Aino;;;;;;;;;;;;;;;;;;;;
2011;15_July;Hanaskogdalen N;1;3;13;11;7;na;na;0;Aino;;;;;;;;;;;;;;;;;;;;
2011;15_July;Hanaskogdalen N;1;3;13;11;8;na;na;0;Aino;;;;;;;;;;;;;;;;;;;;
2011;15_July;Hanaskogdalen N;1;4;14;13;1;25;3;1;Aino;;;;;;;;;;;;;;;;;;;;
2011;15_July;Hanaskogdalen N;1;4;14;13;2;na;na;0;Aino;;;;;;;;;;;;;;;;;;;;
2011;15_July;Hanaskogdalen N;1;4;14;13;3;na;na;0;Aino;;;;;;;;;;;;;;;;;;;;
2011;15_July;Hanaskogdalen N;1;4;14;13;4;na;na;0;Aino;;;;;;;;;;;;;;;;;;;;
2011;15_July;Hanaskogdalen N;1;4;14;13;5;na;na;0;Aino;;;;;;;;;;;;;;;;;;;;
2011;15_July;Hanaskogdalen N;1;4;14;13;6;na;na;0;Aino;;;;;;;;;;;;;;;;;;;;
2011;15_July;Hanaskogdalen N;1;4;14;13;7;na;na;0;Aino;;;;;;;;;;;;;;;;;;;;
2011;15_July;Hanaskogdalen N;1;4;14;13;8;na;na;0;Aino;;;;;;;;;;;;;;;;;;;;
2011;17_July;Hanaskogdalen N;2;1;21;11;1;25;2;1;Aino;;;;;;;;;;;;;;;;;;;;
2011;17_July;Hanaskogdalen N;2;1;21;11;2;50;6;1;Aino;;;;;;;;;;;;;;;;;;;;
2011;17_July;Hanaskogdalen N;2;1;21;11;3;25;na;1;Aino;;;;;;;;;;;;;;;;;;;;
2011;17_July;Hanaskogdalen N;2;1;21;11;4;25;3;1;Aino;;;;;;;;;;;;;;;;;;;;
2011;17_July;Hanaskogdalen N;2;1;21;11;5;25;5;1;Aino;;;;;;;;;;;;;;;;;;;;
2011;17_July;Hanaskogdalen N;2;1;21;11;6;50;16;1;Aino;;;;;;;;;;;;;;;;;;;;
2011;17_July;Hanaskogdalen N;2;1;21;11;7;25;8;1;Aino;;;;;;;;;;;;;;;;;;;;
2011;17_July;Hanaskogdalen N;2;1;21;11;8;25;5;1;Aino;;;;;;;;;;;;;;;;;;;;
2011;17_July;Hanaskogdalen N;2;2;22;15;1;25;4;1;Aino;;;;;;;;;;;;;;;;;;;;
2011;17_July;Hanaskogdalen N;2;2;22;15;2;25;5;1;Aino;;;;;;;;;;;;;;;;;;;;
2011;17_July;Hanaskogdalen N;2;2;22;15;3;25;na;1;Aino;;;;;;;;;;;;;;;;;;;;
2011;17_July;Hanaskogdalen N;2;2;22;15;4;na;na;0;Aino;;;;;;;;;;;;;;;;;;;;
2011;17_July;Hanaskogdalen N;2;2;22;15;5;na;na;0;Aino;;;;;;;;;;;;;;;;;;;;
2011;17_July;Hanaskogdalen N;2;2;22;15;6;na;na;0;Aino;;;;;;;;;;;;;;;;;;;;
2011;17_July;Hanaskogdalen N;2;2;22;15;7;50;19;1;Aino;;;;;;;;;;;;;;;;;;;;
2011;17_July;Hanaskogdalen N;2;2;22;15;8;25;5;1;Aino;;;;;;;;;;;;;;;;;;;;
2011;17_July;Hanaskogdalen N;2;3;23;15;1;na;na;0;Aino;;;;;;;;;;;;;;;;;;;;
2011;17_July;Hanaskogdalen N;2;3;23;15;2;na;na;0;Aino;;;;;;;;;;;;;;;;;;;;
2011;17_July;Hanaskogdalen N;2;3;23;15;3;25;na;1;Aino;;;;;;;;;;;;;;;;;;;;
2011;17_July;Hanaskogdalen N;2;3;23;15;4;na;na;0;Aino;;;;;;;;;;;;;;;;;;;;
2011;17_July;Hanaskogdalen N;2;3;23;15;5;na;na;0;Aino;;;;;;;;;;;;;;;;;;;;
2011;17_July;Hanaskogdalen N;2;3;23;15;6;na;na;0;Aino;;;;;;;;;;;;;;;;;;;;
2011;17_July;Hanaskogdalen N;2;3;23;15;7;na;na;0;Aino;;;;;;;;;;;;;;;;;;;;
2011;17_July;Hanaskogdalen N;2;3;23;15;8;25;na;1;Aino;;;;;;;;;;;;;;;;;;;;
2011;17_July;Hanaskogdalen N;2;4;24;15;1;na;2;0;Aino;;;;;;;;;;;;;;;;;;;;
2011;17_July;Hanaskogdalen N;2;4;24;15;2;na;na;0;Aino;;;;;;;;;;;;;;;;;;;;
2011;17_July;Hanaskogdalen N;2;4;24;15;3;25;3;1;Aino;;;;;;;;;;;;;;;;;;;;
2011;17_July;Hanaskogdalen N;2;4;24;15;4;na;na;0;Aino;;;;;;;;;;;;;;;;;;;;
2011;17_July;Hanaskogdalen N;2;4;24;15;5;na;na;0;Aino;;;;;;;;;;;;;;;;;;;;
2011;17_July;Hanaskogdalen N;2;4;24;15;6;na;na;0;Aino;;;;;;;;;;;;;;;;;;;;
2011;17_July;Hanaskogdalen N;2;4;24;15;7;25;2;1;Aino;;;;;;;;;;;;;;;;;;;;
2011;17_July;Hanaskogdalen N;2;4;24;15;8;25;1;1;Aino;;;;;;;;;;;;;;;;;;;;
2011;17_July;Hanaskogdalen N;3;1;31;11;1;na;na;0;Aino;;;;;;;;;;;;;;;;;;;;
2011;17_July;Hanaskogdalen N;3;1;31;11;2;50;12;1;Aino;;;;;;;;;;;;;;;;;;;;
2011;17_July;Hanaskogdalen N;3;1;31;11;3;na;na;0;Aino;;;;;;;;;;;;;;;;;;;;
2011;17_July;Hanaskogdalen N;3;1;31;11;4;25;4;1;Aino;;;;;;;;;;;;;;;;;;;;
2011;17_July;Hanaskogdalen N;3;1;31;11;5;na;na;0;Aino;;;;;;;;;;;;;;;;;;;;
2011;17_July;Hanaskogdalen N;3;1;31;11;6;25;5;1;Aino;;;;;;;;;;;;;;;;;;;;
2011;17_July;Hanaskogdalen N;3;1;31;11;7;na;na;0;Aino;;;;;;;;;;;;;;;;;;;;
2011;17_July;Hanaskogdalen N;3;1;31;11;8;na;na;0;Aino;;;;;;;;;;;;;;;;;;;;
2011;17_July;Hanaskogdalen N;3;2;32;15;1;na;na;0;Aino;;;;;;;;;;;;;;;;;;;;
2011;17_July;Hanaskogdalen N;3;2;32;15;2;na;na;0;Aino;;;;;;;;;;;;;;;;;;;;
2011;17_July;Hanaskogdalen N;3;2;32;15;3;na;na;0;Aino;;;;;;;;;;;;;;;;;;;;
2011;17_July;Hanaskogdalen N;3;2;32;15;4;na;na;0;Aino;;;;;;;;;;;;;;;;;;;;
2011;17_July;Hanaskogdalen N;3;2;32;15;5;na;na;0;Aino;;;;;;;;;;;;;;;;;;;;
2011;17_July;Hanaskogdalen N;3;2;32;15;6;na;na;0;Aino;;;;;;;;;;;;;;;;;;;;
2011;17_July;Hanaskogdalen N;3;2;32;15;7;na;na;0;Aino;;;;;;;;;;;;;;;;;;;;
2011;17_July;Hanaskogdalen N;3;2;32;15;8;na;na;0;Aino;;;;;;;;;;;;;;;;;;;;
2011;17_July;Hanaskogdalen N;3;3;33;15;1;na;na;0;Aino;;;;;;;;;;;;;;;;;;;;
2011;17_July;Hanaskogdalen N;3;3;33;15;2;na;na;0;Aino;;;;;;;;;;;;;;;;;;;;
2011;17_July;Hanaskogdalen N;3;3;33;15;3;na;na;0;Aino;;;;;;;;;;;;;;;;;;;;
2011;17_July;Hanaskogdalen N;3;3;33;15;4;25;2;1;Aino;;;;;;;;;;;;;;;;;;;;
2011;17_July;Hanaskogdalen N;3;3;33;15;5;25;3;1;Aino;;;;;;;;;;;;;;;;;;;;
2011;17_July;Hanaskogdalen N;3;3;33;15;6;25;8;1;Aino;;;;;;;;;;;;;;;;;;;;
2011;17_July;Hanaskogdalen N;3;3;33;15;7;na;na;0;Aino;;;;;;;;;;;;;;;;;;;;
2011;17_July;Hanaskogdalen N;3;3;33;15;8;na;na;0;Aino;;;;;;;;;;;;;;;;;;;;
2011;17_July;Hanaskogdalen N;3;4;34;15;1;na;na;0;Aino;;;;;;;;;;;;;;;;;;;;
2011;17_July;Hanaskogdalen N;3;4;34;15;2;na;na;0;Aino;;;;;;;;;;;;;;;;;;;;
2011;17_July;Hanaskogdalen N;3;4;34;15;3;na;na;0;Aino;;;;;;;;;;;;;;;;;;;;
2011;17_July;Hanaskogdalen N;3;4;34;15;4;na;na;0;Aino;;;;;;;;;;;;;;;;;;;;
2011;17_July;Hanaskogdalen N;3;4;34;15;5;na;na;0;Aino;;;;;;;;;;;;;;;;;;;;
2011;17_July;Hanaskogdalen N;3;4;34;15;6;na;na;0;Aino;;;;;;;;;;;;;;;;;;;;
2011;17_July;Hanaskogdalen N;3;4;34;15;7;na;na;0;Aino;;;;;;;;;;;;;;;;;;;;
2011;17_July;Hanaskogdalen N;3;4;34;15;8;25;na;1;Aino;;;;;;;;;;;;;;;;;;;;
2011;16_July;Hanaskogdalen N;4;1;41;15;1;na;na;0;Aino;;;;;;;;;;;;;;;;;;;;
2011;16_July;Hanaskogdalen N;4;1;41;15;2;na;na;0;Aino;;;;;;;;;;;;;;;;;;;;
2011;16_July;Hanaskogdalen N;4;1;41;15;3;na;na;0;Aino;;;;;;;;;;;;;;;;;;;;
2011;16_July;Hanaskogdalen N;4;1;41;15;4;na;na;0;Aino;;;;;;;;;;;;;;;;;;;;
2011;16_July;Hanaskogdalen N;4;1;41;15;5;na;na;0;Aino;;;;;;;;;;;;;;;;;;;;
2011;16_July;Hanaskogdalen N;4;1;41;15;6;25;1;1;Aino;;;;;;;;;;;;;;;;;;;;
2011;16_July;Hanaskogdalen N;4;1;41;15;7;na;na;0;Aino;;;;;;;;;;;;;;;;;;;;
2011;16_July;Hanaskogdalen N;4;1;41;15;8;na;na;0;Aino;;;;;;;;;;;;;;;;;;;;
2011;16_July;Hanaskogdalen N;4;2;42;11;1;25;2;1;Aino;;;;;;;;;;;;;;;;;;;;
2011;16_July;Hanaskogdalen N;4;2;42;11;2;25;1;1;Aino;;;;;;;;;;;;;;;;;;;;
2011;16_July;Hanaskogdalen N;4;2;42;11;3;na;na;0;Aino;;;;;;;;;;;;;;;;;;;;
2011;16_July;Hanaskogdalen N;4;2;42;11;4;na;na;0;Aino;;;;;;;;;;;;;;;;;;;;
2011;16_July;Hanaskogdalen N;4;2;42;11;5;na;na;0;Aino;;;;;;;;;;;;;;;;;;;;
2011;16_July;Hanaskogdalen N;4;2;42;11;6;na;na;0;Aino;;;;;;;;;;;;;;;;;;;;
2011;16_July;Hanaskogdalen N;4;2;42;11;7;na;na;0;Aino;;;;;;;;;;;;;;;;;;;;
2011;16_July;Hanaskogdalen N;4;2;42;11;8;na;na;0;Aino;;;;;;;;;;;;;;;;;;;;
2011;16_July;Hanaskogdalen N;4;3;43;11;1;25;3;1;Aino;;;;;;;;;;;;;;;;;;;;
2011;16_July;Hanaskogdalen N;4;3;43;11;2;25;6;1;Aino;;;;;;;;;;;;;;;;;;;;
2011;16_July;Hanaskogdalen N;4;3;43;11;3;na;na;0;Aino;;;;;;;;;;;;;;;;;;;;
2011;16_July;Hanaskogdalen N;4;3;43;11;4;na;na;0;Aino;;;;;;;;;;;;;;;;;;;;
2011;16_July;Hanaskogdalen N;4;3;43;11;5;na;na;0;Aino;;;;;;;;;;;;;;;;;;;;
2011;16_July;Hanaskogdalen N;4;3;43;11;6;na;na;0;Aino;;;;;;;;;;;;;;;;;;;;
2011;16_July;Hanaskogdalen N;4;3;43;11;7;na;na;0;Aino;;;;;;;;;;;;;;;;;;;;
2011;16_July;Hanaskogdalen N;4;3;43;11;8;na;na;0;Aino;;;;;;;;;;;;;;;;;;;;
2011;16_July;Hanaskogdalen N;4;4;44;15;1;25;4;1;Aino;;;;;;;;;;;;;;;;;;;;
2011;16_July;Hanaskogdalen N;4;4;44;15;2;25;6;1;Aino;;;;;;;;;;;;;;;;;;;;
2011;16_July;Hanaskogdalen N;4;4;44;15;3;na;na;0;Aino;;;;;;;;;;;;;;;;;;;;
2011;16_July;Hanaskogdalen N;4;4;44;15;4;na;na;0;Aino;;;;;;;;;;;;;;;;;;;;
2011;16_July;Hanaskogdalen N;4;4;44;15;5;na;na;0;Aino;;;;;;;;;;;;;;;;;;;;
2011;16_July;Hanaskogdalen N;4;4;44;15;6;na;na;0;Aino;;;;;;;;;;;;;;;;;;;;
2011;16_July;Hanaskogdalen N;4;4;44;15;7;na;na;0;Aino;;;;;;;;;;;;;;;;;;;;
2011;16_July;Hanaskogdalen N;4;4;44;15;8;na;na;0;Aino;;;;;;;;;;;;;;;;;;;;
2011;11_July;Hanaskogdalen S;5;1;51;11;1;25;2;1;Karin;;;;;;;;;;;;;;;;;;;;
2011;11_July;Hanaskogdalen S;5;1;51;11;2;25;3;1;Karin;;;;;;;;;;;;;;;;;;;;
2011;11_July;Hanaskogdalen S;5;1;51;11;3;na;na;0;Karin;;;;;;;;;;;;;;;;;;;;
2011;11_July;Hanaskogdalen S;5;1;51;11;4;na;na;0;Karin;;;;;;;;;;;;;;;;;;;;
2011;11_July;Hanaskogdalen S;5;1;51;11;5;na;na;0;Karin;;;;;;;;;;;;;;;;;;;;
2011;11_July;Hanaskogdalen S;5;1;51;11;6;25;na;1;Karin;;;;;;;;;;;;;;;;;;;;
2011;11_July;Hanaskogdalen S;5;1;51;11;7;25;na;1;Karin;;;;;;;;;;;;;;;;;;;;
2011;11_July;Hanaskogdalen S;5;1;51;11;8;na;na;0;Karin;;;;;;;;;;;;;;;;;;;;
2011;11_July;Hanaskogdalen S;5;2;52;11;1;na;na;0;Karin;;;;;;;;;;;;;;;;;;;;
2011;11_July;Hanaskogdalen S;5;2;52;11;2;na;na;0;Karin;;;;;;;;;;;;;;;;;;;;
2011;11_July;Hanaskogdalen S;5;2;52;11;3;25;3;1;Karin;;;;;;;;;;;;;;;;;;;;
2011;11_July;Hanaskogdalen S;5;2;52;11;4;25;na;1;Karin;;;;;;;;;;;;;;;;;;;;
2011;11_July;Hanaskogdalen S;5;2;52;11;5;50;na;1;Karin;;;;;;;;;;;;;;;;;;;;
2011;11_July;Hanaskogdalen S;5;2;52;11;6;25;na;1;Karin;;;;;;;;;;;;;;;;;;;;
2011;11_July;Hanaskogdalen S;5;2;52;11;7;na;na;0;Karin;;;;;;;;;;;;;;;;;;;;
2011;11_July;Hanaskogdalen S;5;2;52;11;8;na;na;0;Karin;;;;;;;;;;;;;;;;;;;;
2011;11_July;Hanaskogdalen S;5;3;53;11;1;na;na;0;Karin;;;;;;;;;;;;;;;;;;;;
2011;11_July;Hanaskogdalen S;5;3;53;11;2;25;na;1;Karin;;;;;;;;;;;;;;;;;;;;
2011;11_July;Hanaskogdalen S;5;3;53;11;3;25;na;1;Karin;;;;;;;;;;;;;;;;;;;;
2011;11_July;Hanaskogdalen S;5;3;53;11;4;25;na;1;Karin;;;;;;;;;;;;;;;;;;;;
2011;11_July;Hanaskogdalen S;5;3;53;11;5;na;na;0;Karin;;;;;;;;;;;;;;;;;;;;
2011;11_July;Hanaskogdalen S;5;3;53;11;6;na;na;0;Karin;;;;;;;;;;;;;;;;;;;;
2011;11_July;Hanaskogdalen S;5;3;53;11;7;25;na;1;Karin;;;;;;;;;;;;;;;;;;;;
2011;11_July;Hanaskogdalen S;5;3;53;11;8;25;na;1;Karin;;;;;;;;;;;;;;;;;;;;
2011;11_July;Hanaskogdalen S;5;4;54;15;1;na;na;0;Karin;;;;;;;;;;;;;;;;;;;;
2011;11_July;Hanaskogdalen S;5;4;54;15;2;na;na;0;Karin;;;;;;;;;;;;;;;;;;;;
2011;11_July;Hanaskogdalen S;5;4;54;15;3;na;na;0;Karin;;;;;;;;;;;;;;;;;;;;
2011;11_July;Hanaskogdalen S;5;4;54;15;4;na;na;0;Karin;;;;;;;;;;;;;;;;;;;;
2011;11_July;Hanaskogdalen S;5;4;54;15;5;na;na;0;Karin;;;;;;;;;;;;;;;;;;;;
2011;11_July;Hanaskogdalen S;5;4;54;15;6;na;na;0;Karin;;;;;;;;;;;;;;;;;;;;
2011;11_July;Hanaskogdalen S;5;4;54;15;7;na;na;0;Karin;;;;;;;;;;;;;;;;;;;;
2011;11_July;Hanaskogdalen S;5;4;54;15;8;na;na;0;Karin;;;;;;;;;;;;;;;;;;;;
2011;13_July;Hanaskogdalen S;6;1;61;11;1;25;3;1;Karin;;;;;;;;;;;;;;;;;;;;
2011;13_July;Hanaskogdalen S;6;1;61;11;2;na;4;0;Karin;;;;;;;;;;;;;;;;;;;;
2011;13_July;Hanaskogdalen S;6;1;61;11;3;na;na;0;Karin;;;;;;;;;;;;;;;;;;;;
2011;13_July;Hanaskogdalen S;6;1;61;11;4;na;na;0;Karin;;;;;;;;;;;;;;;;;;;;
2011;13_July;Hanaskogdalen S;6;1;61;11;5;25;1;1;Karin;;;;;;;;;;;;;;;;;;;;
2011;13_July;Hanaskogdalen S;6;1;61;11;6;na;na;0;Karin;;;;;;;;;;;;;;;;;;;;
2011;13_July;Hanaskogdalen S;6;1;61;11;7;na;na;0;Karin;;;;;;;;;;;;;;;;;;;;
2011;13_July;Hanaskogdalen S;6;1;61;11;8;25;na;1;Karin;;;;;;;;;;;;;;;;;;;;
2011;13_July;Hanaskogdalen S;6;2;62;11;1;na;na;0;Karin;;;;;;;;;;;;;;;;;;;;
2011;13_July;Hanaskogdalen S;6;2;62;11;2;na;na;0;Karin;;;;;;;;;;;;;;;;;;;;
2011;13_July;Hanaskogdalen S;6;2;62;11;3;na;na;0;Karin;;;;;;;;;;;;;;;;;;;;
2011;13_July;Hanaskogdalen S;6;2;62;11;4;25;2;1;Karin;;;;;;;;;;;;;;;;;;;;
2011;13_July;Hanaskogdalen S;6;2;62;11;5;na;na;0;Karin;;;;;;;;;;;;;;;;;;;;
2011;13_July;Hanaskogdalen S;6;2;62;11;6;na;na;0;Karin;;;;;;;;;;;;;;;;;;;;
2011;13_July;Hanaskogdalen S;6;2;62;11;7;na;na;0;Yann;;;;;;;;;;;;;;;;;;;;
2011;13_July;Hanaskogdalen S;6;2;62;11;8;na;na;0;Yann;;;;;;;;;;;;;;;;;;;;
2011;13_July;Hanaskogdalen S;6;3;63;11;1;na;na;0;Karin;;;;;;;;;;;;;;;;;;;;
2011;13_July;Hanaskogdalen S;6;3;63;11;2;na;na;0;Karin;;;;;;;;;;;;;;;;;;;;
2011;13_July;Hanaskogdalen S;6;3;63;11;3;na;na;0;Karin;;;;;;;;;;;;;;;;;;;;
2011;13_July;Hanaskogdalen S;6;3;63;11;4;na;na;0;Karin;;;;;;;;;;;;;;;;;;;;
2011;13_July;Hanaskogdalen S;6;3;63;11;5;25;1;1;Karin;;;;;;;;;;;;;;;;;;;;
2011;13_July;Hanaskogdalen S;6;3;63;11;6;na;na;0;Karin;;;;;;;;;;;;;;;;;;;;
2011;13_July;Hanaskogdalen S;6;3;63;11;7;na;na;0;Karin;;;;;;;;;;;;;;;;;;;;
2011;13_July;Hanaskogdalen S;6;3;63;11;8;na;na;0;Karin;;;;;;;;;;;;;;;;;;;;
2011;13_July;Hanaskogdalen S;6;4;64;5;1;na;na;0;Karin;;;;;;;;;;;;;;;;;;;;
2011;13_July;Hanaskogdalen S;6;4;64;5;2;25;4;1;Karin;;;;;;;;;;;;;;;;;;;;
2011;13_July;Hanaskogdalen S;6;4;64;5;3;na;na;0;Karin;;;;;;;;;;;;;;;;;;;;
2011;13_July;Hanaskogdalen S;6;4;64;5;4;na;na;0;Karin;;;;;;;;;;;;;;;;;;;;
2011;13_July;Hanaskogdalen S;6;4;64;5;5;na;na;0;Karin;;;;;;;;;;;;;;;;;;;;
2011;13_July;Hanaskogdalen S;6;4;64;5;6;na;na;0;Karin;;;;;;;;;;;;;;;;;;;;
2011;13_July;Hanaskogdalen S;6;4;64;5;7;na;na;0;Karin;;;;;;;;;;;;;;;;;;;;
2011;13_July;Hanaskogdalen S;6;4;64;5;8;na;na;0;Karin;;;;;;;;;;;;;;;;;;;;
2011;12_July;Hanaskogdalen S;7;1;71;15;1;na;na;0;Karin;;;;;;;;;;;;;;;;;;;;
2011;12_July;Hanaskogdalen S;7;1;71;15;2;25;1;1;Karin;;;;;;;;;;;;;;;;;;;;
2011;12_July;Hanaskogdalen S;7;1;71;15;3;25;1;1;Karin;;;;;;;;;;;;;;;;;;;;
2011;12_July;Hanaskogdalen S;7;1;71;15;4;25;na;1;Karin;;;;;;;;;;;;;;;;;;;;
2011;12_July;Hanaskogdalen S;7;1;71;15;5;25;na;1;Karin;;;;;;;;;;;;;;;;;;;;
2011;12_July;Hanaskogdalen S;7;1;71;15;6;na;na;0;Karin;;;;;;;;;;;;;;;;;;;;
2011;12_July;Hanaskogdalen S;7;1;71;15;7;na;1;0;Karin;;;;;;;;;;;;;;;;;;;;
2011;12_July;Hanaskogdalen S;7;1;71;15;8;na;na;0;Karin;;;;;;;;;;;;;;;;;;;;
2011;12_July;Hanaskogdalen S;7;2;72;17;1;na;na;0;Karin;;;;;;;;;;;;;;;;;;;;
2011;12_July;Hanaskogdalen S;7;2;72;17;2;na;na;0;Karin;;;;;;;;;;;;;;;;;;;;
2011;12_July;Hanaskogdalen S;7;2;72;17;3;na;na;0;Karin;;;;;;;;;;;;;;;;;;;;
2011;12_July;Hanaskogdalen S;7;2;72;17;4;na;na;0;Karin;;;;;;;;;;;;;;;;;;;;
2011;12_July;Hanaskogdalen S;7;2;72;17;5;na;na;0;Karin;;;;;;;;;;;;;;;;;;;;
2011;12_July;Hanaskogdalen S;7;2;72;17;6;na;na;0;Karin;;;;;;;;;;;;;;;;;;;;
2011;12_July;Hanaskogdalen S;7;2;72;17;7;na;na;0;Karin;;;;;;;;;;;;;;;;;;;;
2011;12_July;Hanaskogdalen S;7;2;72;17;8;25;1;1;Karin;;;;;;;;;;;;;;;;;;;;
2011;12_July;Hanaskogdalen S;7;3;73;17;1;na;na;0;Karin;;;;;;;;;;;;;;;;;;;;
2011;12_July;Hanaskogdalen S;7;3;73;17;2;na;na;0;Karin;;;;;;;;;;;;;;;;;;;;
2011;12_July;Hanaskogdalen S;7;3;73;17;3;na;na;0;Karin;;;;;;;;;;;;;;;;;;;;
2011;12_July;Hanaskogdalen S;7;3;73;17;4;na;na;0;Karin;;;;;;;;;;;;;;;;;;;;
2011;12_July;Hanaskogdalen S;7;3;73;17;5;na;na;0;Karin;;;;;;;;;;;;;;;;;;;;
2011;12_July;Hanaskogdalen S;7;3;73;17;6;na;na;0;Karin;;;;;;;;;;;;;;;;;;;;
2011;12_July;Hanaskogdalen S;7;3;73;17;7;na;na;0;Karin;;;;;;;;;;;;;;;;;;;;
2011;12_July;Hanaskogdalen S;7;3;73;17;8;na;na;0;Karin;;;;;;;;;;;;;;;;;;;;
2011;12_July;Hanaskogdalen S;7;4;74;17;1;na;na;0;Karin;;;;;;;;;;;;;;;;;;;;
2011;12_July;Hanaskogdalen S;7;4;74;17;2;na;na;0;Karin;;;;;;;;;;;;;;;;;;;;
2011;12_July;Hanaskogdalen S;7;4;74;17;3;na;na;0;Karin;;;;;;;;;;;;;;;;;;;;
2011;12_July;Hanaskogdalen S;7;4;74;17;4;na;na;0;Karin;;;;;;;;;;;;;;;;;;;;
2011;12_July;Hanaskogdalen S;7;4;74;17;5;25;na;1;Karin;;;;;;;;;;;;;;;;;;;;
2011;12_July;Hanaskogdalen S;7;4;74;17;6;na;na;0;Karin;;;;;;;;;;;;;;;;;;;;
2011;12_July;Hanaskogdalen S;7;4;74;17;7;na;na;0;Karin;;;;;;;;;;;;;;;;;;;;
2011;12_July;Hanaskogdalen S;7;4;74;17;8;na;na;0;Karin;;;;;;;;;;;;;;;;;;;;
2011;12_July;Hanaskogdalen S;8;1;81;15;1;25;1;1;Karin;;;;;;;;;;;;;;;;;;;;
2011;12_July;Hanaskogdalen S;8;1;81;15;2;na;na;0;Karin;;;;;;;;;;;;;;;;;;;;
2011;12_July;Hanaskogdalen S;8;1;81;15;3;na;na;0;Karin;;;;;;;;;;;;;;;;;;;;
2011;12_July;Hanaskogdalen S;8;1;81;15;4;25;3;1;Karin;;;;;;;;;;;;;;;;;;;;
2011;12_July;Hanaskogdalen S;8;1;81;15;5;25;4;1;Karin;;;;;;;;;;;;;;;;;;;;
2011;12_July;Hanaskogdalen S;8;1;81;15;6;25;na;1;Karin;;;;;;;;;;;;;;;;;;;;
2011;12_July;Hanaskogdalen S;8;1;81;15;7;na;na;0;Karin;;;;;;;;;;;;;;;;;;;;
2011;12_July;Hanaskogdalen S;8;1;81;15;8;na;na;0;Karin;;;;;;;;;;;;;;;;;;;;
2011;12_July;Hanaskogdalen S;8;2;82;17;1;25;na;1;Karin;;;;;;;;;;;;;;;;;;;;
2011;12_July;Hanaskogdalen S;8;2;82;17;2;25;6;1;Karin;;;;;;;;;;;;;;;;;;;;
2011;12_July;Hanaskogdalen S;8;2;82;17;3;25;na;1;Karin;;;;;;;;;;;;;;;;;;;;
2011;12_July;Hanaskogdalen S;8;2;82;17;4;25;na;1;Karin;;;;;;;;;;;;;;;;;;;;
2011;12_July;Hanaskogdalen S;8;2;82;17;5;25;na;1;Karin;;;;;;;;;;;;;;;;;;;;
2011;12_July;Hanaskogdalen S;8;2;82;17;6;25;na;1;Karin;;;;;;;;;;;;;;;;;;;;
2011;12_July;Hanaskogdalen S;8;2;82;17;7;na;na;0;Karin;;;;;;;;;;;;;;;;;;;;
2011;12_July;Hanaskogdalen S;8;2;82;17;8;na;na;0;Karin;;;;;;;;;;;;;;;;;;;;
2011;12_July;Hanaskogdalen S;8;3;83;17;1;na;na;0;Karin;;;;;;;;;;;;;;;;;;;;
2011;12_July;Hanaskogdalen S;8;3;83;17;2;na;na;0;Karin;;;;;;;;;;;;;;;;;;;;
2011;12_July;Hanaskogdalen S;8;3;83;17;3;25;na;1;Karin;;;;;;;;;;;;;;;;;;;;
2011;12_July;Hanaskogdalen S;8;3;83;17;4;na;na;0;Karin;;;;;;;;;;;;;;;;;;;;
2011;12_July;Hanaskogdalen S;8;3;83;17;5;25;3;1;Karin;;;;;;;;;;;;;;;;;;;;
2011;12_July;Hanaskogdalen S;8;3;83;17;6;25;na;1;Karin;;;;;;;;;;;;;;;;;;;;
2011;12_July;Hanaskogdalen S;8;3;83;17;7;25;na;1;Karin;;;;;;;;;;;;;;;;;;;;
2011;12_July;Hanaskogdalen S;8;3;83;17;8;25;1;1;Karin;;;;;;;;;;;;;;;;;;;;
2011;12_July;Hanaskogdalen S;8;4;84;17;1;na;na;0;Karin;;;;;;;;;;;;;;;;;;;;
2011;12_July;Hanaskogdalen S;8;4;84;17;2;25;na;1;Karin;;;;;;;;;;;;;;;;;;;;
2011;12_July;Hanaskogdalen S;8;4;84;17;3;na;na;0;Karin;;;;;;;;;;;;;;;;;;;;
2011;12_July;Hanaskogdalen S;8;4;84;17;4;na;na;0;Karin;;;;;;;;;;;;;;;;;;;;
2011;12_July;Hanaskogdalen S;8;4;84;17;5;na;na;0;Karin;;;;;;;;;;;;;;;;;;;;
2011;12_July;Hanaskogdalen S;8;4;84;17;6;na;na;0;Karin;;;;;;;;;;;;;;;;;;;;
2011;12_July;Hanaskogdalen S;8;4;84;17;7;25;na;1;Karin;;;;;;;;;;;;;;;;;;;;
2011;12_July;Hanaskogdalen S;8;4;84;17;8;na;na;0;Karin;;;;;;;;;;;;;;;;;;;;
2011;5_July;Fivelflyene;9;1;91;15;1;na;na;0;Yann;;;;;;;;;;;;;;;;;;;;
2011;5_July;Fivelflyene;9;1;91;15;2;na;na;0;Yann;;;;;;;;;;;;;;;;;;;;
2011;5_July;Fivelflyene;9;1;91;15;3;na;na;0;Yann;;;;;;;;;;;;;;;;;;;;
2011;5_July;Fivelflyene;9;1;91;15;4;na;na;0;Yann;;;;;;;;;;;;;;;;;;;;
2011;5_July;Fivelflyene;9;1;91;15;5;na;na;0;Yann;;;;;;;;;;;;;;;;;;;;
2011;5_July;Fivelflyene;9;1;91;15;6;na;na;0;Yann;;;;;;;;;;;;;;;;;;;;
2011;5_July;Fivelflyene;9;1;91;15;7;na;na;0;Yann;;;;;;;;;;;;;;;;;;;;
2011;5_July;Fivelflyene;9;1;91;15;8;na;na;0;Yann;;;;;;;;;;;;;;;;;;;;
2011;5_July;Fivelflyene;9;2;92;15;1;na;na;0;Yann;;;;;;;;;;;;;;;;;;;;
2011;5_July;Fivelflyene;9;2;92;15;2;na;na;0;Yann;;;;;;;;;;;;;;;;;;;;
2011;5_July;Fivelflyene;9;2;92;15;3;na;na;0;Yann;;;;;;;;;;;;;;;;;;;;
2011;5_July;Fivelflyene;9;2;92;15;4;na;na;0;Yann;;;;;;;;;;;;;;;;;;;;
2011;5_July;Fivelflyene;9;2;92;15;5;na;na;0;Yann;;;;;;;;;;;;;;;;;;;;
2011;5_July;Fivelflyene;9;2;92;15;6;na;na;0;Yann;;;;;;;;;;;;;;;;;;;;
2011;5_July;Fivelflyene;9;2;92;15;7;na;na;0;Yann;;;;;;;;;;;;;;;;;;;;
2011;5_July;Fivelflyene;9;2;92;15;8;na;na;0;Yann;;;;;;;;;;;;;;;;;;;;
2011;5_July;Fivelflyene;9;3;93;15;1;na;na;0;Karin;;;;;;;;;;;;;;;;;;;;
2011;5_July;Fivelflyene;9;3;93;15;2;na;na;0;Karin;;;;;;;;;;;;;;;;;;;;
2011;5_July;Fivelflyene;9;3;93;15;3;na;na;0;Karin;;;;;;;;;;;;;;;;;;;;
2011;5_July;Fivelflyene;9;3;93;15;4;na;na;0;Karin;;;;;;;;;;;;;;;;;;;;
2011;5_July;Fivelflyene;9;3;93;15;5;na;na;0;Karin;;;;;;;;;;;;;;;;;;;;
2011;5_July;Fivelflyene;9;3;93;15;6;na;na;0;Karin;;;;;;;;;;;;;;;;;;;;
2011;5_July;Fivelflyene;9;3;93;15;7;na;na;0;Karin;;;;;;;;;;;;;;;;;;;;
2011;5_July;Fivelflyene;9;3;93;15;8;na;na;0;Karin;;;;;;;;;;;;;;;;;;;;
2011;5_July;Fivelflyene;9;4;94;15;1;na;na;0;Yann;;;;;;;;;;;;;;;;;;;;
2011;5_July;Fivelflyene;9;4;94;15;2;na;na;0;Yann;;;;;;;;;;;;;;;;;;;;
2011;5_July;Fivelflyene;9;4;94;15;3;na;na;0;Yann;;;;;;;;;;;;;;;;;;;;
2011;5_July;Fivelflyene;9;4;94;15;4;na;na;0;Yann;;;;;;;;;;;;;;;;;;;;
2011;5_July;Fivelflyene;9;4;94;15;5;na;na;0;Yann;;;;;;;;;;;;;;;;;;;;
2011;5_July;Fivelflyene;9;4;94;15;6;na;na;0;Yann;;;;;;;;;;;;;;;;;;;;
2011;5_July;Fivelflyene;9;4;94;15;7;na;na;0;Yann;;;;;;;;;;;;;;;;;;;;
2011;5_July;Fivelflyene;9;4;94;15;8;na;na;0;Yann;;;;;;;;;;;;;;;;;;;;
2011;6_July;Fivelflyene;10;1;101;11;1;na;na;0;Yann;;;;;;;;;;;;;;;;;;;;
2011;6_July;Fivelflyene;10;1;101;11;2;25;2;1;Yann;;;;;;;;;;;;;;;;;;;;
2011;6_July;Fivelflyene;10;1;101;11;3;na;na;0;Yann;;;;;;;;;;;;;;;;;;;;
2011;6_July;Fivelflyene;10;1;101;11;4;na;na;0;Yann;;;;;;;;;;;;;;;;;;;;
2011;6_July;Fivelflyene;10;1;101;11;5;25;2;1;Yann;;;;;;;;;;;;;;;;;;;;
2011;6_July;Fivelflyene;10;1;101;11;6;25;2;1;Yann;;;;;;;;;;;;;;;;;;;;
2011;6_July;Fivelflyene;10;1;101;11;7;25;8;1;Yann;;;;;;;;;;;;;;;;;;;;
2011;6_July;Fivelflyene;10;1;101;11;8;na;na;0;Yann;;;;;;;;;;;;;;;;;;;;
2011;6_July;Fivelflyene;10;2;102;15;1;na;na;0;Karin;;;;;;;;;;;;;;;;;;;;
2011;6_July;Fivelflyene;10;2;102;15;2;25;2;1;Karin;;;;;;;;;;;;;;;;;;;;
2011;6_July;Fivelflyene;10;2;102;15;3;25;8;1;Karin;;;;;;;;;;;;;;;;;;;;
2011;6_July;Fivelflyene;10;2;102;15;4;25;4;1;Karin;;;;;;;;;;;;;;;;;;;;
2011;6_July;Fivelflyene;10;2;102;15;5;na;na;0;Karin;;;;;;;;;;;;;;;;;;;;
2011;6_July;Fivelflyene;10;2;102;15;6;na;na;0;Karin;;;;;;;;;;;;;;;;;;;;
2011;6_July;Fivelflyene;10;2;102;15;7;na;na;0;Yann;;;;;;;;;;;;;;;;;;;;
2011;6_July;Fivelflyene;10;2;102;15;8;25;na;1;Karin;;;;;;;;;;;;;;;;;;;;
2011;6_July;Fivelflyene;10;3;103;15;1;na;na;0;Yann;;;;;;;;;;;;;;;;;;;;
2011;6_July;Fivelflyene;10;3;103;15;2;na;na;0;Yann;;;;;;;;;;;;;;;;;;;;
2011;6_July;Fivelflyene;10;3;103;15;3;na;na;0;Yann;;;;;;;;;;;;;;;;;;;;
2011;6_July;Fivelflyene;10;3;103;15;4;na;na;0;Yann;;;;;;;;;;;;;;;;;;;;
2011;6_July;Fivelflyene;10;3;103;15;5;na;na;0;Yann;;;;;;;;;;;;;;;;;;;;
2011;6_July;Fivelflyene;10;3;103;15;6;na;na;0;Yann;;;;;;;;;;;;;;;;;;;;
2011;6_July;Fivelflyene;10;3;103;15;7;na;na;0;Yann;;;;;;;;;;;;;;;;;;;;
2011;6_July;Fivelflyene;10;3;103;15;8;na;na;0;Yann;;;;;;;;;;;;;;;;;;;;
2011;6_July;Fivelflyene;10;4;104;15;1;na;na;0;Yann;;;;;;;;;;;;;;;;;;;;
2011;6_July;Fivelflyene;10;4;104;15;2;na;na;0;Yann;;;;;;;;;;;;;;;;;;;;
2011;6_July;Fivelflyene;10;4;104;15;3;na;na;0;Yann;;;;;;;;;;;;;;;;;;;;
2011;6_July;Fivelflyene;10;4;104;15;4;na;na;0;Yann;;;;;;;;;;;;;;;;;;;;
2011;6_July;Fivelflyene;10;4;104;15;5;na;na;0;Yann;;;;;;;;;;;;;;;;;;;;
2011;6_July;Fivelflyene;10;4;104;15;6;na;na;0;Yann;;;;;;;;;;;;;;;;;;;;
2011;6_July;Fivelflyene;10;4;104;15;7;na;na;0;Yann;;;;;;;;;;;;;;;;;;;;
2011;6_July;Fivelflyene;10;4;104;15;8;25;1;1;Yann;;;;;;;;;;;;;;;;;;;;
2011;5_July;Fivelflyene;11;1;111;16;1;25;6;1;Kajsa;;;;;;;;;;;;;;;;;;;;
2011;5_July;Fivelflyene;11;1;111;16;2;25;4;1;Kajsa;;;;;;;;;;;;;;;;;;;;
2011;5_July;Fivelflyene;11;1;111;16;3;25;2;1;Kajsa;;;;;;;;;;;;;;;;;;;;
2011;5_July;Fivelflyene;11;1;111;16;4;na;na;0;Kajsa;;;;;;;;;;;;;;;;;;;;
2011;5_July;Fivelflyene;11;1;111;16;5;25;na;1;Kajsa;;;;;;;;;;;;;;;;;;;;
2011;5_July;Fivelflyene;11;1;111;16;6;25;na;1;Kajsa;;;;;;;;;;;;;;;;;;;;
2011;5_July;Fivelflyene;11;1;111;16;7;25;2;1;Kajsa;;;;;;;;;;;;;;;;;;;;
2011;5_July;Fivelflyene;11;1;111;16;8;25;3;1;Kajsa;;;;;;;;;;;;;;;;;;;;
2011;5_July;Fivelflyene;11;2;112;12;1;25;1;1;Kajsa;;;;;;;;;;;;;;;;;;;;
2011;5_July;Fivelflyene;11;2;112;12;2;na;na;0;Kajsa;;;;;;;;;;;;;;;;;;;;
2011;5_July;Fivelflyene;11;2;112;12;3;na;na;0;Kajsa;;;;;;;;;;;;;;;;;;;;
2011;5_July;Fivelflyene;11;2;112;12;4;na;na;0;Kajsa;;;;;;;;;;;;;;;;;;;;
2011;5_July;Fivelflyene;11;2;112;12;5;na;na;0;Kajsa;;;;;;;;;;;;;;;;;;;;
2011;5_July;Fivelflyene;11;2;112;12;6;na;na;0;Kajsa;;;;;;;;;;;;;;;;;;;;
2011;5_July;Fivelflyene;11;2;112;12;7;25;na;1;Kajsa;;;;;;;;;;;;;;;;;;;;
2011;5_July;Fivelflyene;11;2;112;12;8;25;na;1;Kajsa;;;;;;;;;;;;;;;;;;;;
2011;5_July;Fivelflyene;11;3;113;16;1;na;na;0;Kajsa;;;;;;;;;;;;;;;;;;;;
2011;5_July;Fivelflyene;11;3;113;16;2;na;na;0;Kajsa;;;;;;;;;;;;;;;;;;;;
2011;5_July;Fivelflyene;11;3;113;16;3;na;na;0;Kajsa;;;;;;;;;;;;;;;;;;;;
2011;5_July;Fivelflyene;11;3;113;16;4;na;na;0;Kajsa;;;;;;;;;;;;;;;;;;;;
2011;5_July;Fivelflyene;11;3;113;16;5;na;na;0;Kajsa;;;;;;;;;;;;;;;;;;;;
2011;5_July;Fivelflyene;11;3;113;16;6;na;na;0;Kajsa;;;;;;;;;;;;;;;;;;;;
2011;5_July;Fivelflyene;11;3;113;16;7;na;na;0;Kajsa;;;;;;;;;;;;;;;;;;;;
2011;5_July;Fivelflyene;11;3;113;16;8;na;na;0;Kajsa;;;;;;;;;;;;;;;;;;;;
2011;5_July;Fivelflyene;11;4;114;15;1;na;na;0;Kajsa;;;;;;;;;;;;;;;;;;;;
2011;5_July;Fivelflyene;11;4;114;15;2;na;na;0;Kajsa;;;;;;;;;;;;;;;;;;;;
2011;5_July;Fivelflyene;11;4;114;15;3;na;na;0;Kajsa;;;;;;;;;;;;;;;;;;;;
2011;5_July;Fivelflyene;11;4;114;15;4;25;2;1;Kajsa;;;;;;;;;;;;;;;;;;;;
2011;5_July;Fivelflyene;11;4;114;15;5;na;na;0;Kajsa;;;;;;;;;;;;;;;;;;;;
2011;5_July;Fivelflyene;11;4;114;15;6;na;na;0;Kajsa;;;;;;;;;;;;;;;;;;;;
2011;5_July;Fivelflyene;11;4;114;15;7;na;na;0;Kajsa;;;;;;;;;;;;;;;;;;;;
2011;5_July;Fivelflyene;11;4;114;15;8;na;na;0;Kajsa;;;;;;;;;;;;;;;;;;;;
2011;6_July;Fivelflyene;12;1;121;11;1;na;na;0;Aashild;;;;;;;;;;;;;;;;;;;;
2011;6_July;Fivelflyene;12;1;121;11;2;na;na;0;Aashild;;;;;;;;;;;;;;;;;;;;
2011;6_July;Fivelflyene;12;1;121;11;3;na;na;0;Aashild;;;;;;;;;;;;;;;;;;;;
2011;6_July;Fivelflyene;12;1;121;11;4;25;na;1;Aashild;;;;;;;;;;;;;;;;;;;;
2011;6_July;Fivelflyene;12;1;121;11;5;na;na;0;Aashild;;;;;;;;;;;;;;;;;;;;
2011;6_July;Fivelflyene;12;1;121;11;6;25;3;1;Aashild;;;;;;;;;;;;;;;;;;;;
2011;6_July;Fivelflyene;12;1;121;11;7;25;na;1;Aashild;;;;;;;;;;;;;;;;;;;;
2011;6_July;Fivelflyene;12;1;121;11;8;25;2;1;Aashild;;;;;;;;;;;;;;;;;;;;
2011;6_July;Fivelflyene;12;2;122;11;1;25;1;1;Aashild;;;;;;;;;;;;;;;;;;;;
2011;6_July;Fivelflyene;12;2;122;11;2;75;15;1;Aashild;;;;;;;;;;;;;;;;;;;;
2011;6_July;Fivelflyene;12;2;122;11;3;na;na;0;Aashild;;;;;;;;;;;;;;;;;;;;
2011;6_July;Fivelflyene;12;2;122;11;4;na;na;0;Aashild;;;;;;;;;;;;;;;;;;;;
2011;6_July;Fivelflyene;12;2;122;11;5;na;na;0;Aashild;;;;;;;;;;;;;;;;;;;;
2011;6_July;Fivelflyene;12;2;122;11;6;50;5;1;Aashild;;;;;;;;;;;;;;;;;;;;
2011;6_July;Fivelflyene;12;2;122;11;7;25;1;1;Aashild;;;;;;;;;;;;;;;;;;;;
2011;6_July;Fivelflyene;12;2;122;11;8;25;2;1;Aashild;;;;;;;;;;;;;;;;;;;;
2011;6_July;Fivelflyene;12;3;123;16;1;25;na;1;Aashild;;;;;;;;;;;;;;;;;;;;
2011;6_July;Fivelflyene;12;3;123;16;2;25;na;1;Aashild;;;;;;;;;;;;;;;;;;;;
2011;6_July;Fivelflyene;12;3;123;16;3;25;3;1;Aashild;;;;;;;;;;;;;;;;;;;;
2011;6_July;Fivelflyene;12;3;123;16;4;na;na;0;Aashild;;;;;;;;;;;;;;;;;;;;
2011;6_July;Fivelflyene;12;3;123;16;5;na;na;0;Aashild;;;;;;;;;;;;;;;;;;;;
2011;6_July;Fivelflyene;12;3;123;16;6;na;na;0;Aashild;;;;;;;;;;;;;;;;;;;;
2011;6_July;Fivelflyene;12;3;123;16;7;25;na;1;Aashild;;;;;;;;;;;;;;;;;;;;
2011;6_July;Fivelflyene;12;3;123;16;8;na;na;0;Aashild;;;;;;;;;;;;;;;;;;;;
2011;6_July;Fivelflyene;12;4;124;15;1;na;na;0;Aashild;;;;;;;;;;;;;;;;;;;;
2011;6_July;Fivelflyene;12;4;124;15;2;na;na;0;Aashild;;;;;;;;;;;;;;;;;;;;
2011;6_July;Fivelflyene;12;4;124;15;3;na;na;0;Aashild;;;;;;;;;;;;;;;;;;;;
2011;6_July;Fivelflyene;12;4;124;15;4;na;na;0;Aashild;;;;;;;;;;;;;;;;;;;;
2011;6_July;Fivelflyene;12;4;124;15;5;na;na;0;Aashild;;;;;;;;;;;;;;;;;;;;
2011;6_July;Fivelflyene;12;4;124;15;6;na;na;0;Aashild;;;;;;;;;;;;;;;;;;;;
2011;6_July;Fivelflyene;12;4;124;15;7;na;na;0;Aashild;;;;;;;;;;;;;;;;;;;;
2011;6_July;Fivelflyene;12;4;124;15;8;na;na;0;Aashild;;;;;;;;;;;;;;;;;;;;
2011;3_July;Isdammen;13;1;131;11;1;na;na;0;Kajsa;;;;;;;;;;;;;;;;;;;;
2011;3_July;Isdammen;13;1;131;11;2;na;na;0;Kajsa;;;;;;;;;;;;;;;;;;;;
2011;3_July;Isdammen;13;1;131;11;3;na;na;0;Kajsa;;;;;;;;;;;;;;;;;;;;
2011;3_July;Isdammen;13;1;131;11;4;na;na;0;Kajsa;;;;;;;;;;;;;;;;;;;;
2011;3_July;Isdammen;13;1;131;11;5;na;na;0;Kajsa;;;;;;;;;;;;;;;;;;;;
2011;3_July;Isdammen;13;1;131;11;6;na;na;0;Kajsa;;;;;;;;;;;;;;;;;;;;
2011;3_July;Isdammen;13;1;131;11;7;na;na;0;Kajsa;;;;;;;;;;;;;;;;;;;;
2011;3_July;Isdammen;13;1;131;11;8;na;na;0;Kajsa;;;;;;;;;;;;;;;;;;;;
2011;3_July;Isdammen;13;2;132;10;1;25;2;1;Kajsa;;;;;;;;;;;;;;;;;;;;
2011;3_July;Isdammen;13;2;132;10;2;na;na;0;Kajsa;;;;;;;;;;;;;;;;;;;;
2011;3_July;Isdammen;13;2;132;10;3;25;1;1;Kajsa;;;;;;;;;;;;;;;;;;;;
2011;3_July;Isdammen;13;2;132;10;4;25;1;1;Kajsa;;;;;;;;;;;;;;;;;;;;
2011;3_July;Isdammen;13;2;132;10;5;25;3;1;Kajsa;;;;;;;;;;;;;;;;;;;;
2011;3_July;Isdammen;13;2;132;10;6;25;na;1;Kajsa;;;;;;;;;;;;;;;;;;;;
2011;3_July;Isdammen;13;2;132;10;7;25;na;1;Kajsa;;;;;;;;;;;;;;;;;;;;
2011;3_July;Isdammen;13;2;132;10;8;25;2;1;Kajsa;;;;;;;;;;;;;;;;;;;;
2011;3_July;Isdammen;13;3;133;16;1;25;1;1;Karin;;;;;;;;;;;;;;;;;;;;
2011;3_July;Isdammen;13;3;133;16;2;na;na;0;Karin;;;;;;;;;;;;;;;;;;;;
2011;3_July;Isdammen;13;3;133;16;3;25;8;1;Karin;;;;;;;;;;;;;;;;;;;;
2011;3_July;Isdammen;13;3;133;16;4;25;na;1;Karin;;;;;;;;;;;;;;;;;;;;
2011;3_July;Isdammen;13;3;133;16;5;25;1;1;Karin;;;;;;;;;;;;;;;;;;;;
2011;3_July;Isdammen;13;3;133;16;6;na;na;0;Karin;;;;;;;;;;;;;;;;;;;;
2011;3_July;Isdammen;13;3;133;16;7;na;na;0;Karin;;;;;;;;;;;;;;;;;;;;
2011;3_July;Isdammen;13;3;133;16;8;na;na;0;Karin;;;;;;;;;;;;;;;;;;;;
2011;3_July;Isdammen;13;4;134;15;1;na;na;0;Kajsa;;;;;;;;;;;;;;;;;;;;
2011;3_July;Isdammen;13;4;134;15;2;na;na;0;Kajsa;;;;;;;;;;;;;;;;;;;;
2011;3_July;Isdammen;13;4;134;15;3;na;na;0;Kajsa;;;;;;;;;;;;;;;;;;;;
2011;3_July;Isdammen;13;4;134;15;4;na;na;0;Kajsa;;;;;;;;;;;;;;;;;;;;
2011;3_July;Isdammen;13;4;134;15;5;na;na;0;Yann;;;;;;;;;;;;;;;;;;;;
2011;3_July;Isdammen;13;4;134;15;6;25;2;1;Yann;;;;;;;;;;;;;;;;;;;;
2011;3_July;Isdammen;13;4;134;15;7;25;9;1;Yann;;;;;;;;;;;;;;;;;;;;
2011;3_July;Isdammen;13;4;134;15;8;na;na;0;Yann;;;;;;;;;;;;;;;;;;;;
2011;8_July;Isdammen;14;1;141;11;1;na;na;0;Yann;;;;;;;;;;;;;;;;;;;;
2011;8_July;Isdammen;14;1;141;11;2;na;na;0;Yann;;;;;;;;;;;;;;;;;;;;
2011;8_July;Isdammen;14;1;141;11;3;na;na;0;Yann;;;;;;;;;;;;;;;;;;;;
2011;8_July;Isdammen;14;1;141;11;4;na;na;0;Yann;;;;;;;;;;;;;;;;;;;;
2011;8_July;Isdammen;14;1;141;11;5;na;na;0;Yann;;;;;;;;;;;;;;;;;;;;
2011;8_July;Isdammen;14;1;141;11;6;25;1;1;Yann;;;;;;;;;;;;;;;;;;;;
2011;8_July;Isdammen;14;1;141;11;7;na;na;0;Yann;;;;;;;;;;;;;;;;;;;;
2011;8_July;Isdammen;14;1;141;11;8;na;na;0;Yann;;;;;;;;;;;;;;;;;;;;
2011;8_July;Isdammen;14;2;142;16;1;25;3;1;Yann;;;;;;;;;;;;;;;;;;;;
2011;8_July;Isdammen;14;2;142;16;2;25;na;1;Yann;;;;;;;;;;;;;;;;;;;;
2011;8_July;Isdammen;14;2;142;16;3;25;3;1;Yann;;;;;;;;;;;;;;;;;;;;
2011;8_July;Isdammen;14;2;142;16;4;25;2;1;Yann;;;;;;;;;;;;;;;;;;;;
2011;8_July;Isdammen;14;2;142;16;5;25;3;1;Yann;;;;;;;;;;;;;;;;;;;;
2011;8_July;Isdammen;14;2;142;16;6;na;na;0;Yann;;;;;;;;;;;;;;;;;;;;
2011;8_July;Isdammen;14;2;142;16;7;25;4;1;Yann;;;;;;;;;;;;;;;;;;;;
2011;8_July;Isdammen;14;2;142;16;8;25;3;1;Yann;;;;;;;;;;;;;;;;;;;;
2011;8_July;Isdammen;14;3;143;15;1;25;2;1;Yann;;;;;;;;;;;;;;;;;;;;
2011;8_July;Isdammen;14;3;143;15;2;na;na;0;Yann;;;;;;;;;;;;;;;;;;;;
2011;8_July;Isdammen;14;3;143;15;3;na;na;0;Yann;;;;;;;;;;;;;;;;;;;;
2011;8_July;Isdammen;14;3;143;15;4;na;na;0;Yann;;;;;;;;;;;;;;;;;;;;
2011;8_July;Isdammen;14;3;143;15;5;na;na;0;Yann;;;;;;;;;;;;;;;;;;;;
2011;8_July;Isdammen;14;3;143;15;6;na;na;0;Yann;;;;;;;;;;;;;;;;;;;;
2011;8_July;Isdammen;14;3;143;15;7;25;1;1;Yann;;;;;;;;;;;;;;;;;;;;
2011;8_July;Isdammen;14;3;143;15;8;25;1;1;Yann;;;;;;;;;;;;;;;;;;;;
2011;8_July;Isdammen;14;4;144;5;1;25;2;1;Yann;;;;;;;;;;;;;;;;;;;;
2011;8_July;Isdammen;14;4;144;5;2;25;na;1;Yann;;;;;;;;;;;;;;;;;;;;
2011;8_July;Isdammen;14;4;144;5;3;na;na;0;Yann;;;;;;;;;;;;;;;;;;;;
2011;8_July;Isdammen;14;4;144;5;4;na;na;0;Yann;;;;;;;;;;;;;;;;;;;;
2011;8_July;Isdammen;14;4;144;5;5;na;na;0;Yann;;;;;;;;;;;;;;;;;;;;
2011;8_July;Isdammen;14;4;144;5;6;na;na;0;Yann;;;;;;;;;;;;;;;;;;;;
2011;8_July;Isdammen;14;4;144;5;7;na;na;0;Yann;;;;;;;;;;;;;;;;;;;;
2011;8_July;Isdammen;14;4;144;5;8;na;na;0;Yann;;;;;;;;;;;;;;;;;;;;
2011;16_July;Isdammen;15;1;151;11;1;na;na;0;Yann;;;;;;;;;;;;;;;;;;;;
2011;16_July;Isdammen;15;1;151;11;2;na;na;0;Yann;;;;;;;;;;;;;;;;;;;;
2011;16_July;Isdammen;15;1;151;11;3;na;na;0;Yann;;;;;;;;;;;;;;;;;;;;
2011;16_July;Isdammen;15;1;151;11;4;na;na;0;Yann;;;;;;;;;;;;;;;;;;;;
2011;16_July;Isdammen;15;1;151;11;5;na;na;0;Yann;;;;;;;;;;;;;;;;;;;;
2011;16_July;Isdammen;15;1;151;11;6;25;5;1;Yann;;;;;;;;;;;;;;;;;;;;
2011;16_July;Isdammen;15;1;151;11;7;na;na;0;Yann;;;;;;;;;;;;;;;;;;;;
2011;16_July;Isdammen;15;1;151;11;8;na;na;0;Yann;;;;;;;;;;;;;;;;;;;;
2011;16_July;Isdammen;15;2;152;11;1;25;2;1;Yann;;;;;;;;;;;;;;;;;;;;
2011;16_July;Isdammen;15;2;152;11;1;25;na;1;Yann;;;;;;;;;;;;;;;;;;;;
2011;16_July;Isdammen;15;2;152;11;3;na;na;0;Yann;;;;;;;;;;;;;;;;;;;;
2011;16_July;Isdammen;15;2;152;11;4;na;na;0;Yann;;;;;;;;;;;;;;;;;;;;
2011;16_July;Isdammen;15;2;152;11;5;na;na;0;Yann;;;;;;;;;;;;;;;;;;;;
2011;16_July;Isdammen;15;2;152;11;6;25;na;1;Yann;;;;;;;;;;;;;;;;;;;;
2011;16_July;Isdammen;15;2;152;11;7;25;4;1;Yann;;;;;;;;;;;;;;;;;;;;
2011;16_July;Isdammen;15;2;152;11;8;na;na;0;Yann;;;;;;;;;;;;;;;;;;;;
2011;16_July;Isdammen;15;3;153;15;1;na;na;0;Yann;;;;;;;;;;;;;;;;;;;;
2011;16_July;Isdammen;15;3;153;15;2;na;na;0;Yann;;;;;;;;;;;;;;;;;;;;
2011;16_July;Isdammen;15;3;153;15;3;na;na;0;Yann;;;;;;;;;;;;;;;;;;;;
2011;16_July;Isdammen;15;3;153;15;4;na;na;0;Yann;;;;;;;;;;;;;;;;;;;;
2011;16_July;Isdammen;15;3;153;15;5;na;na;0;Yann;;;;;;;;;;;;;;;;;;;;
2011;16_July;Isdammen;15;3;153;15;6;na;na;0;Yann;;;;;;;;;;;;;;;;;;;;
2011;16_July;Isdammen;15;3;153;15;7;na;na;0;Yann;;;;;;;;;;;;;;;;;;;;
2011;16_July;Isdammen;15;3;153;15;8;na;na;0;Yann;;;;;;;;;;;;;;;;;;;;
2011;16_July;Isdammen;15;4;154;15;1;na;na;0;Yann;;;;;;;;;;;;;;;;;;;;
2011;16_July;Isdammen;15;4;154;15;2;na;na;0;Yann;;;;;;;;;;;;;;;;;;;;
2011;16_July;Isdammen;15;4;154;15;3;na;na;0;Yann;;;;;;;;;;;;;;;;;;;;
2011;16_July;Isdammen;15;4;154;15;4;na;na;0;Yann;;;;;;;;;;;;;;;;;;;;
2011;16_July;Isdammen;15;4;154;15;5;na;na;0;Yann;;;;;;;;;;;;;;;;;;;;
2011;16_July;Isdammen;15;4;154;15;6;na;na;0;Yann;;;;;;;;;;;;;;;;;;;;
2011;16_July;Isdammen;15;4;154;15;7;na;na;0;Yann;;;;;;;;;;;;;;;;;;;;
2011;16_July;Isdammen;15;4;154;15;8;na;na;0;Yann;;;;;;;;;;;;;;;;;;;;
2011;18_July;Endalen;16;1;161;16;1;na;na;0;Yann;;;;;;;;;;;;;;;;;;;;
2011;18_July;Endalen;16;1;161;16;2;na;na;0;Yann;;;;;;;;;;;;;;;;;;;;
2011;18_July;Endalen;16;1;161;16;3;na;na;0;Yann;;;;;;;;;;;;;;;;;;;;
2011;18_July;Endalen;16;1;161;16;4;na;na;0;Yann;;;;;;;;;;;;;;;;;;;;
2011;18_July;Endalen;16;1;161;16;5;na;na;0;Yann;;;;;;;;;;;;;;;;;;;;
2011;18_July;Endalen;16;1;161;16;6;na;na;0;Yann;;;;;;;;;;;;;;;;;;;;
2011;18_July;Endalen;16;1;161;16;7;na;na;0;Yann;;;;;;;;;;;;;;;;;;;;
2011;18_July;Endalen;16;1;161;16;8;na;na;0;Yann;;;;;;;;;;;;;;;;;;;;
2011;18_July;Endalen;16;2;162;16;1;na;na;0;Yann;;;;;;;;;;;;;;;;;;;;
2011;18_July;Endalen;16;2;162;16;2;na;na;0;Yann;;;;;;;;;;;;;;;;;;;;
2011;18_July;Endalen;16;2;162;16;3;na;na;0;Yann;;;;;;;;;;;;;;;;;;;;
2011;18_July;Endalen;16;2;162;16;4;25;7;1;Yann;;;;;;;;;;;;;;;;;;;;
2011;18_July;Endalen;16;2;162;16;5;25;na;1;Yann;;;;;;;;;;;;;;;;;;;;
2011;18_July;Endalen;16;2;162;16;6;25;na;1;Yann;;;;;;;;;;;;;;;;;;;;
2011;18_July;Endalen;16;2;162;16;7;25;na;1;Yann;;;;;;;;;;;;;;;;;;;;
2011;18_July;Endalen;16;2;162;16;8;25;1;1;Yann;;;;;;;;;;;;;;;;;;;;
2011;18_July;Endalen;16;3;163;11;1;25;3;1;Yann;;;;;;;;;;;;;;;;;;;;
2011;18_July;Endalen;16;3;163;11;2;na;na;0;Yann;;;;;;;;;;;;;;;;;;;;
2011;18_July;Endalen;16;3;163;11;3;25;2;1;Yann;;;;;;;;;;;;;;;;;;;;
2011;18_July;Endalen;16;3;163;11;4;na;na;0;Yann;;;;;;;;;;;;;;;;;;;;
2011;18_July;Endalen;16;3;163;11;5;na;na;0;Yann;;;;;;;;;;;;;;;;;;;;
2011;18_July;Endalen;16;3;163;11;6;na;na;0;Yann;;;;;;;;;;;;;;;;;;;;
2011;18_July;Endalen;16;3;163;11;7;25;2;1;Yann;;;;;;;;;;;;;;;;;;;;
2011;18_July;Endalen;16;3;163;11;8;25;3;1;Yann;;;;;;;;;;;;;;;;;;;;
2011;18_July;Endalen;16;4;164;15;1;na;na;0;Yann;;;;;;;;;;;;;;;;;;;;
2011;18_July;Endalen;16;4;164;15;2;na;na;0;Yann;;;;;;;;;;;;;;;;;;;;
2011;18_July;Endalen;16;4;164;15;3;na;na;0;Yann;;;;;;;;;;;;;;;;;;;;
2011;18_July;Endalen;16;4;164;15;4;na;na;0;Yann;;;;;;;;;;;;;;;;;;;;
2011;18_July;Endalen;16;4;164;15;5;na;na;0;Yann;;;;;;;;;;;;;;;;;;;;
2011;18_July;Endalen;16;4;164;15;6;na;na;0;Yann;;;;;;;;;;;;;;;;;;;;
2011;18_July;Endalen;16;4;164;15;7;na;na;0;Yann;;;;;;;;;;;;;;;;;;;;
2011;18_July;Endalen;16;4;164;15;8;25;1;1;Yann;;;;;;;;;;;;;;;;;;;;
2011;16_July;Hanaskogdalen N;17;1;171;15;1;na;na;0;Aino;;;;;;;;;;;;;;;;;;;;
2011;16_July;Hanaskogdalen N;17;1;171;15;2;na;na;0;Aino;;;;;;;;;;;;;;;;;;;;
2011;16_July;Hanaskogdalen N;17;1;171;15;3;na;na;0;Aino;;;;;;;;;;;;;;;;;;;;
2011;16_July;Hanaskogdalen N;17;1;171;15;4;na;na;0;Aino;;;;;;;;;;;;;;;;;;;;
2011;16_July;Hanaskogdalen N;17;1;171;15;5;25;1;1;Aino;;;;;;;;;;;;;;;;;;;;
2011;16_July;Hanaskogdalen N;17;1;171;15;6;na;na;0;Aino;;;;;;;;;;;;;;;;;;;;
2011;16_July;Hanaskogdalen N;17;1;171;15;7;na;na;0;Aino;;;;;;;;;;;;;;;;;;;;
2011;16_July;Hanaskogdalen N;17;1;171;15;8;na;na;0;Aino;;;;;;;;;;;;;;;;;;;;
2011;16_July;Hanaskogdalen N;17;2;172;14;1;na;na;0;Aino;;;;;;;;;;;;;;;;;;;;
2011;16_July;Hanaskogdalen N;17;2;172;14;2;na;na;0;Aino;;;;;;;;;;;;;;;;;;;;
2011;16_July;Hanaskogdalen N;17;2;172;14;3;25;2;1;Aino;;;;;;;;;;;;;;;;;;;;
2011;16_July;Hanaskogdalen N;17;2;172;14;4;25;4;1;Aino;;;;;;;;;;;;;;;;;;;;
2011;16_July;Hanaskogdalen N;17;2;172;14;5;na;na;0;Aino;;;;;;;;;;;;;;;;;;;;
2011;16_July;Hanaskogdalen N;17;2;172;14;6;na;na;0;Aino;;;;;;;;;;;;;;;;;;;;
2011;16_July;Hanaskogdalen N;17;2;172;14;7;25;1;1;Aino;;;;;;;;;;;;;;;;;;;;
2011;16_July;Hanaskogdalen N;17;2;172;14;8;25;1;1;Aino;;;;;;;;;;;;;;;;;;;;
2011;16_July;Hanaskogdalen N;17;3;173;15;1;na;na;0;Aino;;;;;;;;;;;;;;;;;;;;
2011;16_July;Hanaskogdalen N;17;3;173;15;2;na;na;0;Aino;;;;;;;;;;;;;;;;;;;;
2011;16_July;Hanaskogdalen N;17;3;173;15;3;na;na;0;Aino;;;;;;;;;;;;;;;;;;;;
2011;16_July;Hanaskogdalen N;17;3;173;15;4;na;na;0;Aino;;;;;;;;;;;;;;;;;;;;
2011;16_July;Hanaskogdalen N;17;3;173;15;5;na;na;0;Aino;;;;;;;;;;;;;;;;;;;;
2011;16_July;Hanaskogdalen N;17;3;173;15;6;na;na;0;Aino;;;;;;;;;;;;;;;;;;;;
2011;16_July;Hanaskogdalen N;17;3;173;15;7;na;na;0;Aino;;;;;;;;;;;;;;;;;;;;
2011;16_July;Hanaskogdalen N;17;3;173;15;8;na;na;0;Aino;;;;;;;;;;;;;;;;;;;;
2011;16_July;Hanaskogdalen N;17;4;174;15;1;50;12;1;Aino;;;;;;;;;;;;;;;;;;;;
2011;16_July;Hanaskogdalen N;17;4;174;15;2;25;1;1;Aino;;;;;;;;;;;;;;;;;;;;
2011;16_July;Hanaskogdalen N;17;4;174;15;3;na;na;0;Aino;;;;;;;;;;;;;;;;;;;;
2011;16_July;Hanaskogdalen N;17;4;174;15;4;na;na;0;Aino;;;;;;;;;;;;;;;;;;;;
2011;16_July;Hanaskogdalen N;17;4;174;15;5;25;3;1;Aino;;;;;;;;;;;;;;;;;;;;
2011;16_July;Hanaskogdalen N;17;4;174;15;6;na;na;0;Aino;;;;;;;;;;;;;;;;;;;;
2011;16_July;Hanaskogdalen N;17;4;174;15;7;50;5;1;Aino;;;;;;;;;;;;;;;;;;;;
2011;16_July;Hanaskogdalen N;17;4;174;15;8;na;na;0;Aino;;;;;;;;;;;;;;;;;;;;
2011;18_July;Endalen;19;1;191;11;1;25;1;1;Yann;;;;;;;;;;;;;;;;;;;;
2011;18_July;Endalen;19;1;191;11;2;na;na;0;Yann;;;;;;;;;;;;;;;;;;;;
2011;18_July;Endalen;19;1;191;11;3;25;1;1;Yann;;;;;;;;;;;;;;;;;;;;
2011;18_July;Endalen;19;1;191;11;4;na;na;0;Yann;;;;;;;;;;;;;;;;;;;;
2011;18_July;Endalen;19;1;191;11;5;na;na;0;Yann;;;;;;;;;;;;;;;;;;;;
2011;18_July;Endalen;19;1;191;11;6;na;na;0;Yann;;;;;;;;;;;;;;;;;;;;
2011;18_July;Endalen;19;1;191;11;7;na;na;0;Yann;;;;;;;;;;;;;;;;;;;;
2011;18_July;Endalen;19;1;191;11;8;na;na;0;Yann;;;;;;;;;;;;;;;;;;;;
2011;19_July;Endalen;19;2;192;12;1;na;na;0;Yann;;;;;;;;;;;;;;;;;;;;
2011;19_July;Endalen;19;2;192;12;2;25;3;1;Yann;;;;;;;;;;;;;;;;;;;;
2011;19_July;Endalen;19;2;192;12;3;50;7;1;Yann;;;;;;;;;;;;;;;;;;;;
2011;19_July;Endalen;19;2;192;12;4;100;na;1;Yann;;;;;;;;;;;;;;;;;;;;
2011;19_July;Endalen;19;2;192;12;5;50;*;1;Yann;;;;;;;;;;;;;;;;;;;;
2011;19_July;Endalen;19;2;192;12;6;na;na;0;Yann;;;;;;;;;;;;;;;;;;;;
2011;19_July;Endalen;19;2;192;12;7;na;na;0;Yann;;;;;;;;;;;;;;;;;;;;
2011;19_July;Endalen;19;2;192;12;8;25;na;1;Yann;;;;;;;;;;;;;;;;;;;;
2011;19_July;Endalen;19;3;193;11;1;na;na;0;Yann;;;;;;;;;;;;;;;;;;;;
2011;19_July;Endalen;19;3;193;11;2;25;10;1;Yann;;;;;;;;;;;;;;;;;;;;
2011;19_July;Endalen;19;3;193;11;3;25;3;1;Yann;;;;;;;;;;;;;;;;;;;;
2011;19_July;Endalen;19;3;193;11;4;25;1;1;Yann;;;;;;;;;;;;;;;;;;;;
2011;19_July;Endalen;19;3;193;11;5;na;na;0;Yann;;;;;;;;;;;;;;;;;;;;
2011;19_July;Endalen;19;3;193;11;6;na;na;0;Yann;;;;;;;;;;;;;;;;;;;;
2011;19_July;Endalen;19;3;193;11;7;na;na;0;Yann;;;;;;;;;;;;;;;;;;;;
2011;19_July;Endalen;19;3;193;11;8;na;na;0;Yann;;;;;;;;;;;;;;;;;;;;
2011;18_July;Endalen;19;4;194;15;1;na;na;0;Yann;;;;;;;;;;;;;;;;;;;;
2011;18_July;Endalen;19;4;194;15;2;na;na;0;Yann;;;;;;;;;;;;;;;;;;;;
2011;18_July;Endalen;19;4;194;15;3;na;na;0;Yann;;;;;;;;;;;;;;;;;;;;
2011;18_July;Endalen;19;4;194;15;4;na;na;0;Yann;;;;;;;;;;;;;;;;;;;;
2011;18_July;Endalen;19;4;194;15;5;na;na;0;Yann;;;;;;;;;;;;;;;;;;;;
2011;18_July;Endalen;19;4;194;15;6;na;na;0;Yann;;;;;;;;;;;;;;;;;;;;
2011;18_July;Endalen;19;4;194;15;7;na;na;0;Yann;;;;;;;;;;;;;;;;;;;;
2011;18_July;Endalen;19;4;194;15;8;na;na;0;Yann;;;;;;;;;;;;;;;;;;;;
2011;18_July;Hanaskogdalen S;18;1;181;16;1;25;3;1;Yann;;;;;;;;;;;;;;;;;;;;
2011;18_July;Hanaskogdalen S;18;1;181;16;2;25;1;1;Yann;;;;;;;;;;;;;;;;;;;;
2011;18_July;Hanaskogdalen S;18;1;181;16;3;na;na;0;Yann;;;;;;;;;;;;;;;;;;;;
2011;18_July;Hanaskogdalen S;18;1;181;16;4;25;na;1;Yann;;;;;;;;;;;;;;;;;;;;
2011;18_July;Hanaskogdalen S;18;1;181;16;5;50;12;1;Yann;;;;;;;;;;;;;;;;;;;;
2011;18_July;Hanaskogdalen S;18;1;181;16;6;25;3;1;Yann;;;;;;;;;;;;;;;;;;;;
2011;18_July;Hanaskogdalen S;18;1;181;16;7;25;2;1;Yann;;;;;;;;;;;;;;;;;;;;
2011;18_July;Hanaskogdalen S;18;1;181;16;8;25;1;1;Yann;;;;;;;;;;;;;;;;;;;;
2011;18_July;Hanaskogdalen S;18;2;182;16;1;na;na;0;Yann;;;;;;;;;;;;;;;;;;;;
2011;18_July;Hanaskogdalen S;18;2;182;16;2;50;11;1;Yann;;;;;;;;;;;;;;;;;;;;
2011;18_July;Hanaskogdalen S;18;2;182;16;3;25;na;1;Yann;;;;;;;;;;;;;;;;;;;;
2011;18_July;Hanaskogdalen S;18;2;182;16;4;25;na;1;Yann;;;;;;;;;;;;;;;;;;;;
2011;18_July;Hanaskogdalen S;18;2;182;16;5;na;na;0;Yann;;;;;;;;;;;;;;;;;;;;
2011;18_July;Hanaskogdalen S;18;2;182;16;6;25;na;1;Yann;;;;;;;;;;;;;;;;;;;;
2011;18_July;Hanaskogdalen S;18;2;182;16;7;na;na;0;Yann;;;;;;;;;;;;;;;;;;;;
2011;18_July;Hanaskogdalen S;18;2;182;16;8;na;na;0;Yann;;;;;;;;;;;;;;;;;;;;
2011;18_July;Hanaskogdalen S;18;3;183;16;1;25;na;1;Yann;;;;;;;;;;;;;;;;;;;;
2011;18_July;Hanaskogdalen S;18;3;183;16;2;na;na;0;Yann;;;;;;;;;;;;;;;;;;;;
2011;18_July;Hanaskogdalen S;18;3;183;16;3;na;na;0;Yann;;;;;;;;;;;;;;;;;;;;
2011;18_July;Hanaskogdalen S;18;3;183;16;4;na;na;0;Yann;;;;;;;;;;;;;;;;;;;;
2011;18_July;Hanaskogdalen S;18;3;183;16;5;na;na;0;Yann;;;;;;;;;;;;;;;;;;;;
2011;18_July;Hanaskogdalen S;18;3;183;16;6;na;na;0;Yann;;;;;;;;;;;;;;;;;;;;
2011;18_July;Hanaskogdalen S;18;3;183;16;7;na;na;0;KARIN;;;;;;;;;;;;;;;;;;;;
2011;18_July;Hanaskogdalen S;18;3;183;16;8;na;na;0;Yann;;;;;;;;;;;;;;;;;;;;
2011;18_July;Hanaskogdalen S;18;4;184;15;1;na;na;0;Yann;;;;;;;;;;;;;;;;;;;;
2011;18_July;Hanaskogdalen S;18;4;184;15;2;na;na;0;Yann;;;;;;;;;;;;;;;;;;;;
2011;18_July;Hanaskogdalen S;18;4;184;15;3;na;na;0;Yann;;;;;;;;;;;;;;;;;;;;
2011;18_July;Hanaskogdalen S;18;4;184;15;4;na;na;0;Yann;;;;;;;;;;;;;;;;;;;;
2011;18_July;Hanaskogdalen S;18;4;184;15;5;na;na;0;Yann;;;;;;;;;;;;;;;;;;;;
2011;18_July;Hanaskogdalen S;18;4;184;15;6;na;na;0;Yann;;;;;;;;;;;;;;;;;;;;
2011;18_July;Hanaskogdalen S;18;4;184;15;7;na;na;0;Yann;;;;;;;;;;;;;;;;;;;;
2011;18_July;Hanaskogdalen S;18;4;184;15;8;na;na;0;Yann;;;;;;;;;;;;;;;;;;;;
