name;station;day;month;year;mean_temp
Svalbard Lufthavn;SN99840;1;5;1990;-12.2
Svalbard Lufthavn;SN99840;2;5;1990;-10.2
Svalbard Lufthavn;SN99840;3;5;1990;-10.8
Svalbard Lufthavn;SN99840;4;5;1990;-6
Svalbard Lufthavn;SN99840;5;5;1990;-5.8
Svalbard Lufthavn;SN99840;6;5;1990;-7.5
Svalbard Lufthavn;SN99840;7;5;1990;-7.4
Svalbard Lufthavn;SN99840;8;5;1990;-8.5
Svalbard Lufthavn;SN99840;9;5;1990;-5.1
Svalbard Lufthavn;SN99840;10;5;1990;-6.5
Svalbard Lufthavn;SN99840;11;5;1990;-5.8
Svalbard Lufthavn;SN99840;12;5;1990;-3.9
Svalbard Lufthavn;SN99840;13;5;1990;-1.8
Svalbard Lufthavn;SN99840;14;5;1990;-2.4
Svalbard Lufthavn;SN99840;15;5;1990;-3.9
Svalbard Lufthavn;SN99840;16;5;1990;-4.9
Svalbard Lufthavn;SN99840;17;5;1990;-4
Svalbard Lufthavn;SN99840;18;5;1990;-2.3
Svalbard Lufthavn;SN99840;19;5;1990;-1.6
Svalbard Lufthavn;SN99840;20;5;1990;-1.5
Svalbard Lufthavn;SN99840;21;5;1990;-1.4
Svalbard Lufthavn;SN99840;22;5;1990;-1.6
Svalbard Lufthavn;SN99840;23;5;1990;-1.7
Svalbard Lufthavn;SN99840;24;5;1990;-2.3
Svalbard Lufthavn;SN99840;25;5;1990;-2.7
Svalbard Lufthavn;SN99840;26;5;1990;-1.9
Svalbard Lufthavn;SN99840;27;5;1990;-0.7
Svalbard Lufthavn;SN99840;28;5;1990;1.8
Svalbard Lufthavn;SN99840;29;5;1990;-0.1
Svalbard Lufthavn;SN99840;30;5;1990;-0.8
Svalbard Lufthavn;SN99840;31;5;1990;-2.5
Svalbard Lufthavn;SN99840;1;5;1991;-2.5
Svalbard Lufthavn;SN99840;2;5;1991;-6
Svalbard Lufthavn;SN99840;3;5;1991;-9.2
Svalbard Lufthavn;SN99840;4;5;1991;-9.6
Svalbard Lufthavn;SN99840;5;5;1991;-12.2
Svalbard Lufthavn;SN99840;6;5;1991;-13.7
Svalbard Lufthavn;SN99840;7;5;1991;-11.8
Svalbard Lufthavn;SN99840;8;5;1991;-7.4
Svalbard Lufthavn;SN99840;9;5;1991;-6.8
Svalbard Lufthavn;SN99840;10;5;1991;-7.6
Svalbard Lufthavn;SN99840;11;5;1991;-9.8
Svalbard Lufthavn;SN99840;12;5;1991;-8
Svalbard Lufthavn;SN99840;13;5;1991;-6.5
Svalbard Lufthavn;SN99840;14;5;1991;-6.7
Svalbard Lufthavn;SN99840;15;5;1991;-6.7
Svalbard Lufthavn;SN99840;16;5;1991;-4.7
Svalbard Lufthavn;SN99840;17;5;1991;-0.6
Svalbard Lufthavn;SN99840;18;5;1991;2.1
Svalbard Lufthavn;SN99840;19;5;1991;0.4
Svalbard Lufthavn;SN99840;20;5;1991;-0.9
Svalbard Lufthavn;SN99840;21;5;1991;-0.6
Svalbard Lufthavn;SN99840;22;5;1991;-0.7
Svalbard Lufthavn;SN99840;23;5;1991;-1.1
Svalbard Lufthavn;SN99840;24;5;1991;-2.4
Svalbard Lufthavn;SN99840;25;5;1991;-1.8
Svalbard Lufthavn;SN99840;26;5;1991;-1
Svalbard Lufthavn;SN99840;27;5;1991;1.6
Svalbard Lufthavn;SN99840;28;5;1991;3.6
Svalbard Lufthavn;SN99840;29;5;1991;2.8
Svalbard Lufthavn;SN99840;30;5;1991;3.2
Svalbard Lufthavn;SN99840;31;5;1991;1.7
Svalbard Lufthavn;SN99840;1;5;1992;0.4
Svalbard Lufthavn;SN99840;2;5;1992;-0.7
Svalbard Lufthavn;SN99840;3;5;1992;-2.6
Svalbard Lufthavn;SN99840;4;5;1992;-4.5
Svalbard Lufthavn;SN99840;5;5;1992;-5
Svalbard Lufthavn;SN99840;6;5;1992;-0.8
Svalbard Lufthavn;SN99840;7;5;1992;-0.7
Svalbard Lufthavn;SN99840;8;5;1992;-1
Svalbard Lufthavn;SN99840;9;5;1992;1.2
Svalbard Lufthavn;SN99840;10;5;1992;-2.8
Svalbard Lufthavn;SN99840;11;5;1992;-5.6
Svalbard Lufthavn;SN99840;12;5;1992;-2.7
Svalbard Lufthavn;SN99840;13;5;1992;-1.7
Svalbard Lufthavn;SN99840;14;5;1992;-3.8
Svalbard Lufthavn;SN99840;15;5;1992;-4.8
Svalbard Lufthavn;SN99840;16;5;1992;-5.8
Svalbard Lufthavn;SN99840;17;5;1992;-6.7
Svalbard Lufthavn;SN99840;18;5;1992;-7.1
Svalbard Lufthavn;SN99840;19;5;1992;-6.8
Svalbard Lufthavn;SN99840;20;5;1992;-4.4
Svalbard Lufthavn;SN99840;21;5;1992;-1.7
Svalbard Lufthavn;SN99840;22;5;1992;-0.2
Svalbard Lufthavn;SN99840;23;5;1992;-2.7
Svalbard Lufthavn;SN99840;24;5;1992;-4.1
Svalbard Lufthavn;SN99840;25;5;1992;-1.5
Svalbard Lufthavn;SN99840;26;5;1992;-0.4
Svalbard Lufthavn;SN99840;27;5;1992;0.8
Svalbard Lufthavn;SN99840;28;5;1992;-0.9
Svalbard Lufthavn;SN99840;29;5;1992;-2.8
Svalbard Lufthavn;SN99840;30;5;1992;-2.4
Svalbard Lufthavn;SN99840;31;5;1992;-1
Svalbard Lufthavn;SN99840;1;5;1993;-11.1
Svalbard Lufthavn;SN99840;2;5;1993;-13.5
Svalbard Lufthavn;SN99840;3;5;1993;-9.4
Svalbard Lufthavn;SN99840;4;5;1993;-6.8
Svalbard Lufthavn;SN99840;5;5;1993;-4.2
Svalbard Lufthavn;SN99840;6;5;1993;1.4
Svalbard Lufthavn;SN99840;7;5;1993;0.8
Svalbard Lufthavn;SN99840;8;5;1993;-1.9
Svalbard Lufthavn;SN99840;9;5;1993;-3.5
Svalbard Lufthavn;SN99840;10;5;1993;-3.9
Svalbard Lufthavn;SN99840;11;5;1993;-5.5
Svalbard Lufthavn;SN99840;12;5;1993;-5.1
Svalbard Lufthavn;SN99840;13;5;1993;-6.7
Svalbard Lufthavn;SN99840;14;5;1993;-7.6
Svalbard Lufthavn;SN99840;15;5;1993;-7.9
Svalbard Lufthavn;SN99840;16;5;1993;-7.7
Svalbard Lufthavn;SN99840;17;5;1993;-5.8
Svalbard Lufthavn;SN99840;18;5;1993;-4.4
Svalbard Lufthavn;SN99840;19;5;1993;-3.4
Svalbard Lufthavn;SN99840;20;5;1993;-3
Svalbard Lufthavn;SN99840;21;5;1993;-0.6
Svalbard Lufthavn;SN99840;22;5;1993;-1.3
Svalbard Lufthavn;SN99840;23;5;1993;-0.9
Svalbard Lufthavn;SN99840;24;5;1993;-2.5
Svalbard Lufthavn;SN99840;25;5;1993;-2.7
Svalbard Lufthavn;SN99840;26;5;1993;-0.5
Svalbard Lufthavn;SN99840;27;5;1993;1.4
Svalbard Lufthavn;SN99840;28;5;1993;0.5
Svalbard Lufthavn;SN99840;29;5;1993;1.6
Svalbard Lufthavn;SN99840;30;5;1993;0.3
Svalbard Lufthavn;SN99840;31;5;1993;-1
Svalbard Lufthavn;SN99840;1;5;1994;-10.6
Svalbard Lufthavn;SN99840;2;5;1994;-10.2
Svalbard Lufthavn;SN99840;3;5;1994;-9.8
Svalbard Lufthavn;SN99840;4;5;1994;-8
Svalbard Lufthavn;SN99840;5;5;1994;-11.5
Svalbard Lufthavn;SN99840;6;5;1994;-9
Svalbard Lufthavn;SN99840;7;5;1994;-8.3
Svalbard Lufthavn;SN99840;8;5;1994;-8.9
Svalbard Lufthavn;SN99840;9;5;1994;-3.8
Svalbard Lufthavn;SN99840;10;5;1994;-1.9
Svalbard Lufthavn;SN99840;11;5;1994;-1.2
Svalbard Lufthavn;SN99840;12;5;1994;-1.4
Svalbard Lufthavn;SN99840;13;5;1994;-2.6
Svalbard Lufthavn;SN99840;14;5;1994;-3.2
Svalbard Lufthavn;SN99840;15;5;1994;-5.6
Svalbard Lufthavn;SN99840;16;5;1994;-4.5
Svalbard Lufthavn;SN99840;17;5;1994;-3.2
Svalbard Lufthavn;SN99840;18;5;1994;-1.8
Svalbard Lufthavn;SN99840;19;5;1994;-2.6
Svalbard Lufthavn;SN99840;20;5;1994;-5.6
Svalbard Lufthavn;SN99840;21;5;1994;-4.5
Svalbard Lufthavn;SN99840;22;5;1994;-1
Svalbard Lufthavn;SN99840;23;5;1994;1.8
Svalbard Lufthavn;SN99840;24;5;1994;2.3
Svalbard Lufthavn;SN99840;25;5;1994;0.6
Svalbard Lufthavn;SN99840;26;5;1994;-0.3
Svalbard Lufthavn;SN99840;27;5;1994;0.3
Svalbard Lufthavn;SN99840;28;5;1994;0.2
Svalbard Lufthavn;SN99840;29;5;1994;-2
Svalbard Lufthavn;SN99840;30;5;1994;-2.6
Svalbard Lufthavn;SN99840;31;5;1994;-3.1
Svalbard Lufthavn;SN99840;1;5;1995;-1.3
Svalbard Lufthavn;SN99840;2;5;1995;-3.2
Svalbard Lufthavn;SN99840;3;5;1995;-4.5
Svalbard Lufthavn;SN99840;4;5;1995;-4.4
Svalbard Lufthavn;SN99840;5;5;1995;-8.3
Svalbard Lufthavn;SN99840;6;5;1995;-8.8
Svalbard Lufthavn;SN99840;7;5;1995;-8.5
Svalbard Lufthavn;SN99840;8;5;1995;-8.5
Svalbard Lufthavn;SN99840;9;5;1995;-9.6
Svalbard Lufthavn;SN99840;10;5;1995;-8.9
Svalbard Lufthavn;SN99840;11;5;1995;-8.1
Svalbard Lufthavn;SN99840;12;5;1995;-7
Svalbard Lufthavn;SN99840;13;5;1995;-5.9
Svalbard Lufthavn;SN99840;14;5;1995;-2.6
Svalbard Lufthavn;SN99840;15;5;1995;-1.4
Svalbard Lufthavn;SN99840;16;5;1995;-0.5
Svalbard Lufthavn;SN99840;17;5;1995;-0.2
Svalbard Lufthavn;SN99840;18;5;1995;1.9
Svalbard Lufthavn;SN99840;19;5;1995;3.1
Svalbard Lufthavn;SN99840;20;5;1995;2.8
Svalbard Lufthavn;SN99840;21;5;1995;2
Svalbard Lufthavn;SN99840;22;5;1995;0.8
Svalbard Lufthavn;SN99840;23;5;1995;0.8
Svalbard Lufthavn;SN99840;24;5;1995;1
Svalbard Lufthavn;SN99840;25;5;1995;0
Svalbard Lufthavn;SN99840;26;5;1995;0.6
Svalbard Lufthavn;SN99840;27;5;1995;2.2
Svalbard Lufthavn;SN99840;28;5;1995;-1.7
Svalbard Lufthavn;SN99840;29;5;1995;-0.7
Svalbard Lufthavn;SN99840;30;5;1995;0.6
Svalbard Lufthavn;SN99840;31;5;1995;-0.1
Svalbard Lufthavn;SN99840;1;5;1996;-10.2
Svalbard Lufthavn;SN99840;2;5;1996;-12
Svalbard Lufthavn;SN99840;3;5;1996;-11.7
Svalbard Lufthavn;SN99840;4;5;1996;-9.8
Svalbard Lufthavn;SN99840;5;5;1996;-13.2
Svalbard Lufthavn;SN99840;6;5;1996;-10.5
Svalbard Lufthavn;SN99840;7;5;1996;-10.6
Svalbard Lufthavn;SN99840;8;5;1996;-9.8
Svalbard Lufthavn;SN99840;9;5;1996;-7.3
Svalbard Lufthavn;SN99840;10;5;1996;-4
Svalbard Lufthavn;SN99840;11;5;1996;-3.1
Svalbard Lufthavn;SN99840;12;5;1996;-5.6
Svalbard Lufthavn;SN99840;13;5;1996;-9.8
Svalbard Lufthavn;SN99840;14;5;1996;-5.9
Svalbard Lufthavn;SN99840;15;5;1996;-3.5
Svalbard Lufthavn;SN99840;16;5;1996;-4.3
Svalbard Lufthavn;SN99840;17;5;1996;-0.5
Svalbard Lufthavn;SN99840;18;5;1996;-0.9
Svalbard Lufthavn;SN99840;19;5;1996;-0.8
Svalbard Lufthavn;SN99840;20;5;1996;-0.8
Svalbard Lufthavn;SN99840;21;5;1996;-1.6
Svalbard Lufthavn;SN99840;22;5;1996;-1.6
Svalbard Lufthavn;SN99840;23;5;1996;-0.3
Svalbard Lufthavn;SN99840;24;5;1996;-1.9
Svalbard Lufthavn;SN99840;25;5;1996;-1.6
Svalbard Lufthavn;SN99840;26;5;1996;-2.5
Svalbard Lufthavn;SN99840;27;5;1996;-2
Svalbard Lufthavn;SN99840;28;5;1996;-1.9
Svalbard Lufthavn;SN99840;29;5;1996;-1.7
Svalbard Lufthavn;SN99840;30;5;1996;-0.3
Svalbard Lufthavn;SN99840;31;5;1996;0.6
Svalbard Lufthavn;SN99840;1;5;1997;-9.4
Svalbard Lufthavn;SN99840;2;5;1997;-9
Svalbard Lufthavn;SN99840;3;5;1997;-7.5
Svalbard Lufthavn;SN99840;4;5;1997;-5.5
Svalbard Lufthavn;SN99840;5;5;1997;-4.8
Svalbard Lufthavn;SN99840;6;5;1997;-4.7
Svalbard Lufthavn;SN99840;7;5;1997;-1.3
Svalbard Lufthavn;SN99840;8;5;1997;0.6
Svalbard Lufthavn;SN99840;9;5;1997;-1
Svalbard Lufthavn;SN99840;10;5;1997;-1.9
Svalbard Lufthavn;SN99840;11;5;1997;-1.5
Svalbard Lufthavn;SN99840;12;5;1997;-2.9
Svalbard Lufthavn;SN99840;13;5;1997;-4.5
Svalbard Lufthavn;SN99840;14;5;1997;-5
Svalbard Lufthavn;SN99840;15;5;1997;-3.9
Svalbard Lufthavn;SN99840;16;5;1997;-4.5
Svalbard Lufthavn;SN99840;17;5;1997;-4.3
Svalbard Lufthavn;SN99840;18;5;1997;-3.9
Svalbard Lufthavn;SN99840;19;5;1997;-4.6
Svalbard Lufthavn;SN99840;20;5;1997;-3.8
Svalbard Lufthavn;SN99840;21;5;1997;-4
Svalbard Lufthavn;SN99840;22;5;1997;-2.7
Svalbard Lufthavn;SN99840;23;5;1997;-2.2
Svalbard Lufthavn;SN99840;24;5;1997;-1.2
Svalbard Lufthavn;SN99840;25;5;1997;-0.8
Svalbard Lufthavn;SN99840;26;5;1997;-4.1
Svalbard Lufthavn;SN99840;27;5;1997;-4.9
Svalbard Lufthavn;SN99840;28;5;1997;-3
Svalbard Lufthavn;SN99840;29;5;1997;0.5
Svalbard Lufthavn;SN99840;30;5;1997;2.3
Svalbard Lufthavn;SN99840;31;5;1997;1.9
Svalbard Lufthavn;SN99840;1;5;1998;-7.1
Svalbard Lufthavn;SN99840;2;5;1998;-7.7
Svalbard Lufthavn;SN99840;3;5;1998;-3.2
Svalbard Lufthavn;SN99840;4;5;1998;-3.3
Svalbard Lufthavn;SN99840;5;5;1998;-7
Svalbard Lufthavn;SN99840;6;5;1998;-9
Svalbard Lufthavn;SN99840;7;5;1998;-10.2
Svalbard Lufthavn;SN99840;8;5;1998;-8.1
Svalbard Lufthavn;SN99840;9;5;1998;-4.5
Svalbard Lufthavn;SN99840;10;5;1998;-7.9
Svalbard Lufthavn;SN99840;11;5;1998;-8.7
Svalbard Lufthavn;SN99840;12;5;1998;-10.6
Svalbard Lufthavn;SN99840;13;5;1998;-10.5
Svalbard Lufthavn;SN99840;14;5;1998;-6.4
Svalbard Lufthavn;SN99840;15;5;1998;-2.7
Svalbard Lufthavn;SN99840;16;5;1998;-0.3
Svalbard Lufthavn;SN99840;17;5;1998;-6
Svalbard Lufthavn;SN99840;18;5;1998;-6.7
Svalbard Lufthavn;SN99840;19;5;1998;-6.9
Svalbard Lufthavn;SN99840;20;5;1998;-6.9
Svalbard Lufthavn;SN99840;21;5;1998;-7.2
Svalbard Lufthavn;SN99840;22;5;1998;-5.3
Svalbard Lufthavn;SN99840;23;5;1998;-6.4
Svalbard Lufthavn;SN99840;24;5;1998;-4.5
Svalbard Lufthavn;SN99840;25;5;1998;-3.7
Svalbard Lufthavn;SN99840;26;5;1998;-0.7
Svalbard Lufthavn;SN99840;27;5;1998;-2
Svalbard Lufthavn;SN99840;28;5;1998;-1.5
Svalbard Lufthavn;SN99840;29;5;1998;-2.2
Svalbard Lufthavn;SN99840;30;5;1998;-3.1
Svalbard Lufthavn;SN99840;31;5;1998;-1.9
Svalbard Lufthavn;SN99840;1;5;1999;-9.2
Svalbard Lufthavn;SN99840;2;5;1999;-9.2
Svalbard Lufthavn;SN99840;3;5;1999;-12
Svalbard Lufthavn;SN99840;4;5;1999;-9.2
Svalbard Lufthavn;SN99840;5;5;1999;-11.4
Svalbard Lufthavn;SN99840;6;5;1999;-10
Svalbard Lufthavn;SN99840;7;5;1999;-8.1
Svalbard Lufthavn;SN99840;8;5;1999;-1.5
Svalbard Lufthavn;SN99840;9;5;1999;-0.7
Svalbard Lufthavn;SN99840;10;5;1999;0.5
Svalbard Lufthavn;SN99840;11;5;1999;2.1
Svalbard Lufthavn;SN99840;12;5;1999;3.2
Svalbard Lufthavn;SN99840;13;5;1999;3
Svalbard Lufthavn;SN99840;14;5;1999;3.1
Svalbard Lufthavn;SN99840;15;5;1999;1.5
Svalbard Lufthavn;SN99840;16;5;1999;-2.6
Svalbard Lufthavn;SN99840;17;5;1999;-2.8
Svalbard Lufthavn;SN99840;18;5;1999;1.7
Svalbard Lufthavn;SN99840;19;5;1999;0
Svalbard Lufthavn;SN99840;20;5;1999;-0.8
Svalbard Lufthavn;SN99840;21;5;1999;0.9
Svalbard Lufthavn;SN99840;22;5;1999;-0.5
Svalbard Lufthavn;SN99840;23;5;1999;0.8
Svalbard Lufthavn;SN99840;24;5;1999;0.2
Svalbard Lufthavn;SN99840;25;5;1999;0.9
Svalbard Lufthavn;SN99840;26;5;1999;-1.3
Svalbard Lufthavn;SN99840;27;5;1999;-1
Svalbard Lufthavn;SN99840;28;5;1999;-1.3
Svalbard Lufthavn;SN99840;29;5;1999;-0.5
Svalbard Lufthavn;SN99840;30;5;1999;-1
Svalbard Lufthavn;SN99840;31;5;1999;-0.4
Svalbard Lufthavn;SN99840;1;5;2000;0.4
Svalbard Lufthavn;SN99840;2;5;2000;-0.9
Svalbard Lufthavn;SN99840;3;5;2000;-6.6
Svalbard Lufthavn;SN99840;4;5;2000;-10.9
Svalbard Lufthavn;SN99840;5;5;2000;-12.4
Svalbard Lufthavn;SN99840;6;5;2000;-10.9
Svalbard Lufthavn;SN99840;7;5;2000;-9.1
Svalbard Lufthavn;SN99840;8;5;2000;-4.7
Svalbard Lufthavn;SN99840;9;5;2000;-3.9
Svalbard Lufthavn;SN99840;10;5;2000;-9.4
Svalbard Lufthavn;SN99840;11;5;2000;-12
Svalbard Lufthavn;SN99840;12;5;2000;-8.4
Svalbard Lufthavn;SN99840;13;5;2000;-6.9
Svalbard Lufthavn;SN99840;14;5;2000;-7.6
Svalbard Lufthavn;SN99840;15;5;2000;-7.5
Svalbard Lufthavn;SN99840;16;5;2000;-8.1
Svalbard Lufthavn;SN99840;17;5;2000;-5.9
Svalbard Lufthavn;SN99840;18;5;2000;-3.8
Svalbard Lufthavn;SN99840;19;5;2000;-3
Svalbard Lufthavn;SN99840;20;5;2000;-1.1
Svalbard Lufthavn;SN99840;21;5;2000;0.3
Svalbard Lufthavn;SN99840;22;5;2000;0.5
Svalbard Lufthavn;SN99840;23;5;2000;-0.3
Svalbard Lufthavn;SN99840;24;5;2000;-0.1
Svalbard Lufthavn;SN99840;25;5;2000;-1.8
Svalbard Lufthavn;SN99840;26;5;2000;-2.9
Svalbard Lufthavn;SN99840;27;5;2000;-2.3
Svalbard Lufthavn;SN99840;28;5;2000;-1.9
Svalbard Lufthavn;SN99840;29;5;2000;-0.2
Svalbard Lufthavn;SN99840;30;5;2000;2.8
Svalbard Lufthavn;SN99840;31;5;2000;2.1
Svalbard Lufthavn;SN99840;1;5;2001;-2.5
Svalbard Lufthavn;SN99840;2;5;2001;-1.2
Svalbard Lufthavn;SN99840;3;5;2001;-3.7
Svalbard Lufthavn;SN99840;4;5;2001;-5.7
Svalbard Lufthavn;SN99840;5;5;2001;-4.3
Svalbard Lufthavn;SN99840;6;5;2001;-4.9
Svalbard Lufthavn;SN99840;7;5;2001;-4.3
Svalbard Lufthavn;SN99840;8;5;2001;-3.1
Svalbard Lufthavn;SN99840;9;5;2001;-2
Svalbard Lufthavn;SN99840;10;5;2001;-4
Svalbard Lufthavn;SN99840;11;5;2001;-5.7
Svalbard Lufthavn;SN99840;12;5;2001;-5.1
Svalbard Lufthavn;SN99840;13;5;2001;-6.8
Svalbard Lufthavn;SN99840;14;5;2001;-6.5
Svalbard Lufthavn;SN99840;15;5;2001;-5.9
Svalbard Lufthavn;SN99840;16;5;2001;-5.1
Svalbard Lufthavn;SN99840;17;5;2001;-4.6
Svalbard Lufthavn;SN99840;18;5;2001;-4.1
Svalbard Lufthavn;SN99840;19;5;2001;-3.9
Svalbard Lufthavn;SN99840;20;5;2001;-0.5
Svalbard Lufthavn;SN99840;21;5;2001;0.7
Svalbard Lufthavn;SN99840;22;5;2001;0.5
Svalbard Lufthavn;SN99840;23;5;2001;-1.5
Svalbard Lufthavn;SN99840;24;5;2001;-1.1
Svalbard Lufthavn;SN99840;25;5;2001;-0.4
Svalbard Lufthavn;SN99840;26;5;2001;0.7
Svalbard Lufthavn;SN99840;27;5;2001;-1.3
Svalbard Lufthavn;SN99840;28;5;2001;-1
Svalbard Lufthavn;SN99840;29;5;2001;-0.2
Svalbard Lufthavn;SN99840;30;5;2001;-2.1
Svalbard Lufthavn;SN99840;31;5;2001;-2.9
Svalbard Lufthavn;SN99840;1;5;2002;-1.3
Svalbard Lufthavn;SN99840;2;5;2002;-4.9
Svalbard Lufthavn;SN99840;3;5;2002;-7.1
Svalbard Lufthavn;SN99840;4;5;2002;-10.3
Svalbard Lufthavn;SN99840;5;5;2002;-11.2
Svalbard Lufthavn;SN99840;6;5;2002;-7.2
Svalbard Lufthavn;SN99840;7;5;2002;-4.9
Svalbard Lufthavn;SN99840;8;5;2002;-7
Svalbard Lufthavn;SN99840;9;5;2002;-5.7
Svalbard Lufthavn;SN99840;10;5;2002;-5.3
Svalbard Lufthavn;SN99840;11;5;2002;-4.7
Svalbard Lufthavn;SN99840;12;5;2002;-4.5
Svalbard Lufthavn;SN99840;13;5;2002;-4.2
Svalbard Lufthavn;SN99840;14;5;2002;-2.9
Svalbard Lufthavn;SN99840;15;5;2002;-2.4
Svalbard Lufthavn;SN99840;16;5;2002;-2.9
Svalbard Lufthavn;SN99840;17;5;2002;-2.6
Svalbard Lufthavn;SN99840;18;5;2002;-3.5
Svalbard Lufthavn;SN99840;19;5;2002;-6.1
Svalbard Lufthavn;SN99840;20;5;2002;-6.5
Svalbard Lufthavn;SN99840;21;5;2002;-6.7
Svalbard Lufthavn;SN99840;22;5;2002;-6
Svalbard Lufthavn;SN99840;23;5;2002;-3.6
Svalbard Lufthavn;SN99840;24;5;2002;-0.4
Svalbard Lufthavn;SN99840;25;5;2002;0.8
Svalbard Lufthavn;SN99840;26;5;2002;2.6
Svalbard Lufthavn;SN99840;27;5;2002;3.3
Svalbard Lufthavn;SN99840;28;5;2002;2.4
Svalbard Lufthavn;SN99840;29;5;2002;2.6
Svalbard Lufthavn;SN99840;30;5;2002;2.7
Svalbard Lufthavn;SN99840;31;5;2002;2.8
Svalbard Lufthavn;SN99840;1;5;2003;-10.6
Svalbard Lufthavn;SN99840;2;5;2003;-11.6
Svalbard Lufthavn;SN99840;3;5;2003;-11.8
Svalbard Lufthavn;SN99840;4;5;2003;-8.7
Svalbard Lufthavn;SN99840;5;5;2003;-3.5
Svalbard Lufthavn;SN99840;6;5;2003;-5.2
Svalbard Lufthavn;SN99840;7;5;2003;-4.8
Svalbard Lufthavn;SN99840;8;5;2003;-4.6
Svalbard Lufthavn;SN99840;9;5;2003;-3
Svalbard Lufthavn;SN99840;10;5;2003;-4
Svalbard Lufthavn;SN99840;11;5;2003;-3.5
Svalbard Lufthavn;SN99840;12;5;2003;-2.1
Svalbard Lufthavn;SN99840;13;5;2003;0.9
Svalbard Lufthavn;SN99840;14;5;2003;0.8
Svalbard Lufthavn;SN99840;15;5;2003;-2.1
Svalbard Lufthavn;SN99840;16;5;2003;-4
Svalbard Lufthavn;SN99840;17;5;2003;0.9
Svalbard Lufthavn;SN99840;18;5;2003;1.3
Svalbard Lufthavn;SN99840;19;5;2003;1.2
Svalbard Lufthavn;SN99840;20;5;2003;0.2
Svalbard Lufthavn;SN99840;21;5;2003;-0.2
Svalbard Lufthavn;SN99840;22;5;2003;-1.7
Svalbard Lufthavn;SN99840;23;5;2003;-1.3
Svalbard Lufthavn;SN99840;24;5;2003;0.5
Svalbard Lufthavn;SN99840;25;5;2003;-0.7
Svalbard Lufthavn;SN99840;26;5;2003;-0.3
Svalbard Lufthavn;SN99840;27;5;2003;0.6
Svalbard Lufthavn;SN99840;28;5;2003;-0.4
Svalbard Lufthavn;SN99840;29;5;2003;-1
Svalbard Lufthavn;SN99840;30;5;2003;-0.6
Svalbard Lufthavn;SN99840;31;5;2003;-1.4
Svalbard Lufthavn;SN99840;1;5;2004;-1.5
Svalbard Lufthavn;SN99840;2;5;2004;0
Svalbard Lufthavn;SN99840;3;5;2004;0.8
Svalbard Lufthavn;SN99840;4;5;2004;1.1
Svalbard Lufthavn;SN99840;5;5;2004;0.5
Svalbard Lufthavn;SN99840;6;5;2004;-0.5
Svalbard Lufthavn;SN99840;7;5;2004;-1.2
Svalbard Lufthavn;SN99840;8;5;2004;-4.3
Svalbard Lufthavn;SN99840;9;5;2004;-7.4
Svalbard Lufthavn;SN99840;10;5;2004;-9.1
Svalbard Lufthavn;SN99840;11;5;2004;-8
Svalbard Lufthavn;SN99840;12;5;2004;-4.3
Svalbard Lufthavn;SN99840;13;5;2004;-4.2
Svalbard Lufthavn;SN99840;14;5;2004;-2.8
Svalbard Lufthavn;SN99840;15;5;2004;-4.4
Svalbard Lufthavn;SN99840;16;5;2004;-5.6
Svalbard Lufthavn;SN99840;17;5;2004;-5.3
Svalbard Lufthavn;SN99840;18;5;2004;-4.7
Svalbard Lufthavn;SN99840;19;5;2004;-1.6
Svalbard Lufthavn;SN99840;20;5;2004;-1.6
Svalbard Lufthavn;SN99840;21;5;2004;3.2
Svalbard Lufthavn;SN99840;22;5;2004;3.7
Svalbard Lufthavn;SN99840;23;5;2004;0.9
Svalbard Lufthavn;SN99840;24;5;2004;1.2
Svalbard Lufthavn;SN99840;25;5;2004;0.7
Svalbard Lufthavn;SN99840;26;5;2004;0.4
Svalbard Lufthavn;SN99840;27;5;2004;0.4
Svalbard Lufthavn;SN99840;28;5;2004;0.3
Svalbard Lufthavn;SN99840;29;5;2004;1
Svalbard Lufthavn;SN99840;30;5;2004;1.3
Svalbard Lufthavn;SN99840;31;5;2004;-0.7
Svalbard Lufthavn;SN99840;1;5;2005;-1.3
Svalbard Lufthavn;SN99840;2;5;2005;1.2
Svalbard Lufthavn;SN99840;3;5;2005;0
Svalbard Lufthavn;SN99840;4;5;2005;-0.3
Svalbard Lufthavn;SN99840;5;5;2005;-1.4
Svalbard Lufthavn;SN99840;6;5;2005;-3.3
Svalbard Lufthavn;SN99840;7;5;2005;-4.7
Svalbard Lufthavn;SN99840;8;5;2005;-5
Svalbard Lufthavn;SN99840;9;5;2005;-2.8
Svalbard Lufthavn;SN99840;10;5;2005;-2.3
Svalbard Lufthavn;SN99840;11;5;2005;-1.8
Svalbard Lufthavn;SN99840;12;5;2005;-1.6
Svalbard Lufthavn;SN99840;13;5;2005;1.3
Svalbard Lufthavn;SN99840;14;5;2005;3.9
Svalbard Lufthavn;SN99840;15;5;2005;2.6
Svalbard Lufthavn;SN99840;16;5;2005;-1.3
Svalbard Lufthavn;SN99840;17;5;2005;-2.1
Svalbard Lufthavn;SN99840;18;5;2005;-2.1
Svalbard Lufthavn;SN99840;19;5;2005;-4.2
Svalbard Lufthavn;SN99840;20;5;2005;-3.8
Svalbard Lufthavn;SN99840;21;5;2005;-4.3
Svalbard Lufthavn;SN99840;22;5;2005;-2.1
Svalbard Lufthavn;SN99840;23;5;2005;-1.3
Svalbard Lufthavn;SN99840;24;5;2005;-1.9
Svalbard Lufthavn;SN99840;25;5;2005;-0.7
Svalbard Lufthavn;SN99840;26;5;2005;-1.1
Svalbard Lufthavn;SN99840;27;5;2005;0.1
Svalbard Lufthavn;SN99840;28;5;2005;1.1
Svalbard Lufthavn;SN99840;29;5;2005;1.3
Svalbard Lufthavn;SN99840;30;5;2005;1.3
Svalbard Lufthavn;SN99840;31;5;2005;1.6
Svalbard Lufthavn;SN99840;1;5;2006;0.4
Svalbard Lufthavn;SN99840;2;5;2006;2.6
Svalbard Lufthavn;SN99840;3;5;2006;2.6
Svalbard Lufthavn;SN99840;4;5;2006;3.1
Svalbard Lufthavn;SN99840;5;5;2006;3.6
Svalbard Lufthavn;SN99840;6;5;2006;5.6
Svalbard Lufthavn;SN99840;7;5;2006;0.6
Svalbard Lufthavn;SN99840;8;5;2006;-1.7
Svalbard Lufthavn;SN99840;9;5;2006;-1.3
Svalbard Lufthavn;SN99840;10;5;2006;-0.4
Svalbard Lufthavn;SN99840;11;5;2006;-1.5
Svalbard Lufthavn;SN99840;12;5;2006;-2
Svalbard Lufthavn;SN99840;13;5;2006;-1.5
Svalbard Lufthavn;SN99840;14;5;2006;-1.8
Svalbard Lufthavn;SN99840;15;5;2006;-1.3
Svalbard Lufthavn;SN99840;16;5;2006;-1.6
Svalbard Lufthavn;SN99840;17;5;2006;-0.5
Svalbard Lufthavn;SN99840;18;5;2006;0.5
Svalbard Lufthavn;SN99840;19;5;2006;1
Svalbard Lufthavn;SN99840;20;5;2006;0.3
Svalbard Lufthavn;SN99840;21;5;2006;-0.5
Svalbard Lufthavn;SN99840;22;5;2006;0.5
Svalbard Lufthavn;SN99840;23;5;2006;0.7
Svalbard Lufthavn;SN99840;24;5;2006;3.5
Svalbard Lufthavn;SN99840;25;5;2006;3.5
Svalbard Lufthavn;SN99840;26;5;2006;1.7
Svalbard Lufthavn;SN99840;27;5;2006;2.4
Svalbard Lufthavn;SN99840;28;5;2006;2.7
Svalbard Lufthavn;SN99840;29;5;2006;1.2
Svalbard Lufthavn;SN99840;30;5;2006;2.4
Svalbard Lufthavn;SN99840;31;5;2006;3.7
Svalbard Lufthavn;SN99840;1;5;2007;-2.3
Svalbard Lufthavn;SN99840;2;5;2007;-3.1
Svalbard Lufthavn;SN99840;3;5;2007;-4.7
Svalbard Lufthavn;SN99840;4;5;2007;-7.2
Svalbard Lufthavn;SN99840;5;5;2007;-10
Svalbard Lufthavn;SN99840;6;5;2007;-9.9
Svalbard Lufthavn;SN99840;7;5;2007;-6.8
Svalbard Lufthavn;SN99840;8;5;2007;-3.5
Svalbard Lufthavn;SN99840;9;5;2007;0.7
Svalbard Lufthavn;SN99840;10;5;2007;1.1
Svalbard Lufthavn;SN99840;11;5;2007;0.8
Svalbard Lufthavn;SN99840;12;5;2007;-1.6
Svalbard Lufthavn;SN99840;13;5;2007;-4.1
Svalbard Lufthavn;SN99840;14;5;2007;-4.1
Svalbard Lufthavn;SN99840;15;5;2007;-0.3
Svalbard Lufthavn;SN99840;16;5;2007;2.6
Svalbard Lufthavn;SN99840;17;5;2007;1
Svalbard Lufthavn;SN99840;18;5;2007;0.9
Svalbard Lufthavn;SN99840;19;5;2007;1.4
Svalbard Lufthavn;SN99840;20;5;2007;2.8
Svalbard Lufthavn;SN99840;21;5;2007;2.2
Svalbard Lufthavn;SN99840;22;5;2007;2.7
Svalbard Lufthavn;SN99840;23;5;2007;1.4
Svalbard Lufthavn;SN99840;24;5;2007;0
Svalbard Lufthavn;SN99840;25;5;2007;-0.1
Svalbard Lufthavn;SN99840;26;5;2007;-2.6
Svalbard Lufthavn;SN99840;27;5;2007;-2.5
Svalbard Lufthavn;SN99840;28;5;2007;-2
Svalbard Lufthavn;SN99840;29;5;2007;-0.1
Svalbard Lufthavn;SN99840;30;5;2007;2
Svalbard Lufthavn;SN99840;31;5;2007;2.5
Svalbard Lufthavn;SN99840;1;5;2008;-3.9
Svalbard Lufthavn;SN99840;2;5;2008;-5.1
Svalbard Lufthavn;SN99840;3;5;2008;-8.1
Svalbard Lufthavn;SN99840;4;5;2008;-8.3
Svalbard Lufthavn;SN99840;5;5;2008;-6.8
Svalbard Lufthavn;SN99840;6;5;2008;-2.1
Svalbard Lufthavn;SN99840;7;5;2008;-2.2
Svalbard Lufthavn;SN99840;8;5;2008;-2.4
Svalbard Lufthavn;SN99840;9;5;2008;-2.5
Svalbard Lufthavn;SN99840;10;5;2008;-1.3
Svalbard Lufthavn;SN99840;11;5;2008;-1
Svalbard Lufthavn;SN99840;12;5;2008;-2.7
Svalbard Lufthavn;SN99840;13;5;2008;-3.2
Svalbard Lufthavn;SN99840;14;5;2008;-2.5
Svalbard Lufthavn;SN99840;15;5;2008;-2.5
Svalbard Lufthavn;SN99840;16;5;2008;-0.6
Svalbard Lufthavn;SN99840;17;5;2008;-0.7
Svalbard Lufthavn;SN99840;18;5;2008;-2
Svalbard Lufthavn;SN99840;19;5;2008;-1.7
Svalbard Lufthavn;SN99840;20;5;2008;-1.6
Svalbard Lufthavn;SN99840;21;5;2008;-1.5
Svalbard Lufthavn;SN99840;22;5;2008;-0.8
Svalbard Lufthavn;SN99840;23;5;2008;-0.3
Svalbard Lufthavn;SN99840;24;5;2008;-0.9
Svalbard Lufthavn;SN99840;25;5;2008;-0.1
Svalbard Lufthavn;SN99840;26;5;2008;1.2
Svalbard Lufthavn;SN99840;27;5;2008;0.8
Svalbard Lufthavn;SN99840;28;5;2008;0.9
Svalbard Lufthavn;SN99840;29;5;2008;0.3
Svalbard Lufthavn;SN99840;30;5;2008;2.1
Svalbard Lufthavn;SN99840;31;5;2008;2
Svalbard Lufthavn;SN99840;1;5;2009;-6.4
Svalbard Lufthavn;SN99840;2;5;2009;-2.5
Svalbard Lufthavn;SN99840;3;5;2009;0.5
Svalbard Lufthavn;SN99840;4;5;2009;1.1
Svalbard Lufthavn;SN99840;5;5;2009;-0.3
Svalbard Lufthavn;SN99840;6;5;2009;-2.6
Svalbard Lufthavn;SN99840;7;5;2009;-5.9
Svalbard Lufthavn;SN99840;8;5;2009;-6.8
Svalbard Lufthavn;SN99840;9;5;2009;-2.3
Svalbard Lufthavn;SN99840;10;5;2009;2.5
Svalbard Lufthavn;SN99840;11;5;2009;2
Svalbard Lufthavn;SN99840;12;5;2009;1
Svalbard Lufthavn;SN99840;13;5;2009;1.4
Svalbard Lufthavn;SN99840;14;5;2009;0.3
Svalbard Lufthavn;SN99840;15;5;2009;0.7
Svalbard Lufthavn;SN99840;16;5;2009;0.6
Svalbard Lufthavn;SN99840;17;5;2009;-3.4
Svalbard Lufthavn;SN99840;18;5;2009;-2.6
Svalbard Lufthavn;SN99840;19;5;2009;-1.4
Svalbard Lufthavn;SN99840;20;5;2009;0.1
Svalbard Lufthavn;SN99840;21;5;2009;0.9
Svalbard Lufthavn;SN99840;22;5;2009;1.7
Svalbard Lufthavn;SN99840;23;5;2009;0.9
Svalbard Lufthavn;SN99840;24;5;2009;-2.7
Svalbard Lufthavn;SN99840;25;5;2009;-6.2
Svalbard Lufthavn;SN99840;26;5;2009;-5.4
Svalbard Lufthavn;SN99840;27;5;2009;-1.2
Svalbard Lufthavn;SN99840;28;5;2009;-0.2
Svalbard Lufthavn;SN99840;29;5;2009;0.8
Svalbard Lufthavn;SN99840;30;5;2009;1.1
Svalbard Lufthavn;SN99840;31;5;2009;1.9
Svalbard Lufthavn;SN99840;1;5;2010;-6.1
Svalbard Lufthavn;SN99840;2;5;2010;-2
Svalbard Lufthavn;SN99840;3;5;2010;-1.7
Svalbard Lufthavn;SN99840;4;5;2010;-2.7
Svalbard Lufthavn;SN99840;5;5;2010;-2.2
Svalbard Lufthavn;SN99840;6;5;2010;1.5
Svalbard Lufthavn;SN99840;7;5;2010;2.8
Svalbard Lufthavn;SN99840;8;5;2010;0.1
Svalbard Lufthavn;SN99840;9;5;2010;-2.2
Svalbard Lufthavn;SN99840;10;5;2010;-4.7
Svalbard Lufthavn;SN99840;11;5;2010;-3.8
Svalbard Lufthavn;SN99840;12;5;2010;0.4
Svalbard Lufthavn;SN99840;13;5;2010;0.4
Svalbard Lufthavn;SN99840;14;5;2010;0.3
Svalbard Lufthavn;SN99840;15;5;2010;0.2
Svalbard Lufthavn;SN99840;16;5;2010;2.1
Svalbard Lufthavn;SN99840;17;5;2010;2.6
Svalbard Lufthavn;SN99840;18;5;2010;2.5
Svalbard Lufthavn;SN99840;19;5;2010;2.8
Svalbard Lufthavn;SN99840;20;5;2010;1.7
Svalbard Lufthavn;SN99840;21;5;2010;1.4
Svalbard Lufthavn;SN99840;22;5;2010;1.9
Svalbard Lufthavn;SN99840;23;5;2010;2.5
Svalbard Lufthavn;SN99840;24;5;2010;0.6
Svalbard Lufthavn;SN99840;25;5;2010;0.3
Svalbard Lufthavn;SN99840;26;5;2010;0.6
Svalbard Lufthavn;SN99840;27;5;2010;0.2
Svalbard Lufthavn;SN99840;28;5;2010;-0.4
Svalbard Lufthavn;SN99840;29;5;2010;1.2
Svalbard Lufthavn;SN99840;30;5;2010;0.1
Svalbard Lufthavn;SN99840;31;5;2010;0.3
Svalbard Lufthavn;SN99840;1;5;2011;1.8
Svalbard Lufthavn;SN99840;2;5;2011;1.4
Svalbard Lufthavn;SN99840;3;5;2011;0.6
Svalbard Lufthavn;SN99840;4;5;2011;-3.8
Svalbard Lufthavn;SN99840;5;5;2011;-4.3
Svalbard Lufthavn;SN99840;6;5;2011;0.1
Svalbard Lufthavn;SN99840;7;5;2011;-0.2
Svalbard Lufthavn;SN99840;8;5;2011;-1.2
Svalbard Lufthavn;SN99840;9;5;2011;-5.2
Svalbard Lufthavn;SN99840;10;5;2011;-5.8
Svalbard Lufthavn;SN99840;11;5;2011;-5.7
Svalbard Lufthavn;SN99840;12;5;2011;-3.2
Svalbard Lufthavn;SN99840;13;5;2011;-0.1
Svalbard Lufthavn;SN99840;14;5;2011;0.7
Svalbard Lufthavn;SN99840;15;5;2011;-1.5
Svalbard Lufthavn;SN99840;16;5;2011;-6.1
Svalbard Lufthavn;SN99840;17;5;2011;-4.8
Svalbard Lufthavn;SN99840;18;5;2011;-5
Svalbard Lufthavn;SN99840;19;5;2011;-4.9
Svalbard Lufthavn;SN99840;20;5;2011;-4.2
Svalbard Lufthavn;SN99840;21;5;2011;-2.4
Svalbard Lufthavn;SN99840;22;5;2011;-1.3
Svalbard Lufthavn;SN99840;23;5;2011;-0.6
Svalbard Lufthavn;SN99840;24;5;2011;0.3
Svalbard Lufthavn;SN99840;25;5;2011;-3.5
Svalbard Lufthavn;SN99840;26;5;2011;-2.2
Svalbard Lufthavn;SN99840;27;5;2011;0.8
Svalbard Lufthavn;SN99840;28;5;2011;1.9
Svalbard Lufthavn;SN99840;29;5;2011;1.9
Svalbard Lufthavn;SN99840;30;5;2011;3
Svalbard Lufthavn;SN99840;31;5;2011;3.6
Svalbard Lufthavn;SN99840;1;5;2012;-4.6
Svalbard Lufthavn;SN99840;2;5;2012;-6.3
Svalbard Lufthavn;SN99840;3;5;2012;-6.7
Svalbard Lufthavn;SN99840;4;5;2012;-2.8
Svalbard Lufthavn;SN99840;5;5;2012;-2.7
Svalbard Lufthavn;SN99840;6;5;2012;-3.6
Svalbard Lufthavn;SN99840;7;5;2012;-5.8
Svalbard Lufthavn;SN99840;8;5;2012;-6.3
Svalbard Lufthavn;SN99840;9;5;2012;-5
Svalbard Lufthavn;SN99840;10;5;2012;-0.9
Svalbard Lufthavn;SN99840;11;5;2012;-2.5
Svalbard Lufthavn;SN99840;12;5;2012;-2.1
Svalbard Lufthavn;SN99840;13;5;2012;-2.9
Svalbard Lufthavn;SN99840;14;5;2012;-3.9
Svalbard Lufthavn;SN99840;15;5;2012;-6
Svalbard Lufthavn;SN99840;16;5;2012;-5.7
Svalbard Lufthavn;SN99840;17;5;2012;-1.8
Svalbard Lufthavn;SN99840;18;5;2012;0.1
Svalbard Lufthavn;SN99840;19;5;2012;-1.9
Svalbard Lufthavn;SN99840;20;5;2012;-1.9
Svalbard Lufthavn;SN99840;21;5;2012;-2.8
Svalbard Lufthavn;SN99840;22;5;2012;-0.8
Svalbard Lufthavn;SN99840;23;5;2012;1.6
Svalbard Lufthavn;SN99840;24;5;2012;2
Svalbard Lufthavn;SN99840;25;5;2012;0.1
Svalbard Lufthavn;SN99840;26;5;2012;-0.6
Svalbard Lufthavn;SN99840;27;5;2012;-0.6
Svalbard Lufthavn;SN99840;28;5;2012;-0.2
Svalbard Lufthavn;SN99840;29;5;2012;-0.9
Svalbard Lufthavn;SN99840;30;5;2012;-1.2
Svalbard Lufthavn;SN99840;31;5;2012;1.4
Svalbard Lufthavn;SN99840;1;5;2013;-1.7
Svalbard Lufthavn;SN99840;2;5;2013;-4.2
Svalbard Lufthavn;SN99840;3;5;2013;-4.8
Svalbard Lufthavn;SN99840;4;5;2013;-5.1
Svalbard Lufthavn;SN99840;5;5;2013;-4.5
Svalbard Lufthavn;SN99840;6;5;2013;-6
Svalbard Lufthavn;SN99840;7;5;2013;-3.5
Svalbard Lufthavn;SN99840;8;5;2013;-1.9
Svalbard Lufthavn;SN99840;9;5;2013;-1.5
Svalbard Lufthavn;SN99840;10;5;2013;0.3
Svalbard Lufthavn;SN99840;11;5;2013;-0.7
Svalbard Lufthavn;SN99840;12;5;2013;-2.7
Svalbard Lufthavn;SN99840;13;5;2013;-3.1
Svalbard Lufthavn;SN99840;14;5;2013;-3.2
Svalbard Lufthavn;SN99840;15;5;2013;-2.9
Svalbard Lufthavn;SN99840;16;5;2013;-3.1
Svalbard Lufthavn;SN99840;17;5;2013;-0.9
Svalbard Lufthavn;SN99840;18;5;2013;2
Svalbard Lufthavn;SN99840;19;5;2013;0.5
Svalbard Lufthavn;SN99840;20;5;2013;1.9
Svalbard Lufthavn;SN99840;21;5;2013;1.6
Svalbard Lufthavn;SN99840;22;5;2013;-0.7
Svalbard Lufthavn;SN99840;23;5;2013;-1.9
Svalbard Lufthavn;SN99840;24;5;2013;-0.3
Svalbard Lufthavn;SN99840;25;5;2013;-2.9
Svalbard Lufthavn;SN99840;26;5;2013;-2.5
Svalbard Lufthavn;SN99840;27;5;2013;-1.5
Svalbard Lufthavn;SN99840;28;5;2013;0.2
Svalbard Lufthavn;SN99840;29;5;2013;1.2
Svalbard Lufthavn;SN99840;30;5;2013;1
Svalbard Lufthavn;SN99840;31;5;2013;3.1
Svalbard Lufthavn;SN99840;1;5;2014;-6.7
Svalbard Lufthavn;SN99840;2;5;2014;-7.4
Svalbard Lufthavn;SN99840;3;5;2014;-7.8
Svalbard Lufthavn;SN99840;4;5;2014;-6.2
Svalbard Lufthavn;SN99840;5;5;2014;-1.8
Svalbard Lufthavn;SN99840;6;5;2014;1.3
Svalbard Lufthavn;SN99840;7;5;2014;1.9
Svalbard Lufthavn;SN99840;8;5;2014;-0.5
Svalbard Lufthavn;SN99840;9;5;2014;-2.9
Svalbard Lufthavn;SN99840;10;5;2014;-5.2
Svalbard Lufthavn;SN99840;11;5;2014;-8.3
Svalbard Lufthavn;SN99840;12;5;2014;-8.6
Svalbard Lufthavn;SN99840;13;5;2014;-6.8
Svalbard Lufthavn;SN99840;14;5;2014;-7.1
Svalbard Lufthavn;SN99840;15;5;2014;-6.9
Svalbard Lufthavn;SN99840;16;5;2014;0.6
Svalbard Lufthavn;SN99840;17;5;2014;-0.2
Svalbard Lufthavn;SN99840;18;5;2014;-1.9
Svalbard Lufthavn;SN99840;19;5;2014;-1.1
Svalbard Lufthavn;SN99840;20;5;2014;-1.4
Svalbard Lufthavn;SN99840;21;5;2014;-1.7
Svalbard Lufthavn;SN99840;22;5;2014;-0.9
Svalbard Lufthavn;SN99840;23;5;2014;0.9
Svalbard Lufthavn;SN99840;24;5;2014;0.8
Svalbard Lufthavn;SN99840;25;5;2014;0.9
Svalbard Lufthavn;SN99840;26;5;2014;2.1
Svalbard Lufthavn;SN99840;27;5;2014;3.1
Svalbard Lufthavn;SN99840;28;5;2014;3.1
Svalbard Lufthavn;SN99840;29;5;2014;3.6
Svalbard Lufthavn;SN99840;30;5;2014;2.7
Svalbard Lufthavn;SN99840;31;5;2014;1.7
Svalbard Lufthavn;SN99840;1;5;2015;-10
Svalbard Lufthavn;SN99840;2;5;2015;-8.5
Svalbard Lufthavn;SN99840;3;5;2015;-8.4
Svalbard Lufthavn;SN99840;4;5;2015;-6.6
Svalbard Lufthavn;SN99840;5;5;2015;-4.8
Svalbard Lufthavn;SN99840;6;5;2015;-2.7
Svalbard Lufthavn;SN99840;7;5;2015;-1.7
Svalbard Lufthavn;SN99840;8;5;2015;-2.3
Svalbard Lufthavn;SN99840;9;5;2015;-4.9
Svalbard Lufthavn;SN99840;10;5;2015;-5.4
Svalbard Lufthavn;SN99840;11;5;2015;-4
Svalbard Lufthavn;SN99840;12;5;2015;-6.4
Svalbard Lufthavn;SN99840;13;5;2015;-7.6
Svalbard Lufthavn;SN99840;14;5;2015;-4.6
Svalbard Lufthavn;SN99840;15;5;2015;-0.9
Svalbard Lufthavn;SN99840;16;5;2015;2
Svalbard Lufthavn;SN99840;17;5;2015;-0.4
Svalbard Lufthavn;SN99840;18;5;2015;-0.7
Svalbard Lufthavn;SN99840;19;5;2015;1.4
Svalbard Lufthavn;SN99840;20;5;2015;1.3
Svalbard Lufthavn;SN99840;21;5;2015;1.4
Svalbard Lufthavn;SN99840;22;5;2015;0
Svalbard Lufthavn;SN99840;23;5;2015;-1.2
Svalbard Lufthavn;SN99840;24;5;2015;-0.4
Svalbard Lufthavn;SN99840;25;5;2015;-0.1
Svalbard Lufthavn;SN99840;26;5;2015;0.5
Svalbard Lufthavn;SN99840;27;5;2015;0.6
Svalbard Lufthavn;SN99840;28;5;2015;0.8
Svalbard Lufthavn;SN99840;29;5;2015;1.5
Svalbard Lufthavn;SN99840;30;5;2015;2.2
Svalbard Lufthavn;SN99840;31;5;2015;3
Svalbard Lufthavn;SN99840;1;5;2016;1.2
Svalbard Lufthavn;SN99840;2;5;2016;1.4
Svalbard Lufthavn;SN99840;3;5;2016;0.4
Svalbard Lufthavn;SN99840;4;5;2016;-0.5
Svalbard Lufthavn;SN99840;5;5;2016;-3.3
Svalbard Lufthavn;SN99840;6;5;2016;-0.8
Svalbard Lufthavn;SN99840;7;5;2016;0.5
Svalbard Lufthavn;SN99840;8;5;2016;2
Svalbard Lufthavn;SN99840;9;5;2016;1
Svalbard Lufthavn;SN99840;10;5;2016;0.8
Svalbard Lufthavn;SN99840;11;5;2016;2.1
Svalbard Lufthavn;SN99840;12;5;2016;3.2
Svalbard Lufthavn;SN99840;13;5;2016;2.2
Svalbard Lufthavn;SN99840;14;5;2016;0.6
Svalbard Lufthavn;SN99840;15;5;2016;1.7
Svalbard Lufthavn;SN99840;16;5;2016;1.2
Svalbard Lufthavn;SN99840;17;5;2016;-0.2
Svalbard Lufthavn;SN99840;18;5;2016;-1.3
Svalbard Lufthavn;SN99840;19;5;2016;-2.4
Svalbard Lufthavn;SN99840;20;5;2016;-0.7
Svalbard Lufthavn;SN99840;21;5;2016;1.4
Svalbard Lufthavn;SN99840;22;5;2016;2.9
Svalbard Lufthavn;SN99840;23;5;2016;2.6
Svalbard Lufthavn;SN99840;24;5;2016;3
Svalbard Lufthavn;SN99840;25;5;2016;2
Svalbard Lufthavn;SN99840;26;5;2016;3.3
Svalbard Lufthavn;SN99840;27;5;2016;5.4
Svalbard Lufthavn;SN99840;28;5;2016;2.9
Svalbard Lufthavn;SN99840;29;5;2016;3.9
Svalbard Lufthavn;SN99840;30;5;2016;4.3
Svalbard Lufthavn;SN99840;31;5;2016;4
Svalbard Lufthavn;SN99840;1;5;2017;-2
Svalbard Lufthavn;SN99840;2;5;2017;-2.5
Svalbard Lufthavn;SN99840;3;5;2017;0.9
Svalbard Lufthavn;SN99840;4;5;2017;-0.2
Svalbard Lufthavn;SN99840;5;5;2017;-5.8
Svalbard Lufthavn;SN99840;6;5;2017;-8.3
Svalbard Lufthavn;SN99840;7;5;2017;-8.1
Svalbard Lufthavn;SN99840;8;5;2017;-8.5
Svalbard Lufthavn;SN99840;9;5;2017;-9.7
Svalbard Lufthavn;SN99840;10;5;2017;-8.6
Svalbard Lufthavn;SN99840;11;5;2017;-8.8
Svalbard Lufthavn;SN99840;12;5;2017;-7.9
Svalbard Lufthavn;SN99840;13;5;2017;-5.1
Svalbard Lufthavn;SN99840;14;5;2017;-1.4
Svalbard Lufthavn;SN99840;15;5;2017;-2.5
Svalbard Lufthavn;SN99840;16;5;2017;-5.3
Svalbard Lufthavn;SN99840;17;5;2017;-5.4
Svalbard Lufthavn;SN99840;18;5;2017;-4.5
Svalbard Lufthavn;SN99840;19;5;2017;-3.3
Svalbard Lufthavn;SN99840;20;5;2017;-0.4
Svalbard Lufthavn;SN99840;21;5;2017;0.4
Svalbard Lufthavn;SN99840;22;5;2017;-3.7
Svalbard Lufthavn;SN99840;23;5;2017;-5
Svalbard Lufthavn;SN99840;24;5;2017;-4.3
Svalbard Lufthavn;SN99840;25;5;2017;-3.8
Svalbard Lufthavn;SN99840;26;5;2017;-2.9
Svalbard Lufthavn;SN99840;27;5;2017;-3.5
Svalbard Lufthavn;SN99840;28;5;2017;-3.8
Svalbard Lufthavn;SN99840;29;5;2017;-3
Svalbard Lufthavn;SN99840;30;5;2017;1.9
Svalbard Lufthavn;SN99840;31;5;2017;4.8
Svalbard Lufthavn;SN99840;1;5;2018;-1.4
Svalbard Lufthavn;SN99840;2;5;2018;-0.2
Svalbard Lufthavn;SN99840;3;5;2018;2.2
Svalbard Lufthavn;SN99840;4;5;2018;4.2
Svalbard Lufthavn;SN99840;5;5;2018;4.6
Svalbard Lufthavn;SN99840;6;5;2018;1.3
Svalbard Lufthavn;SN99840;7;5;2018;2.6
Svalbard Lufthavn;SN99840;8;5;2018;1.8
Svalbard Lufthavn;SN99840;9;5;2018;1.2
Svalbard Lufthavn;SN99840;10;5;2018;1.7
Svalbard Lufthavn;SN99840;11;5;2018;1.1
Svalbard Lufthavn;SN99840;12;5;2018;1.9
Svalbard Lufthavn;SN99840;13;5;2018;1.4
Svalbard Lufthavn;SN99840;14;5;2018;1.4
Svalbard Lufthavn;SN99840;15;5;2018;0.7
Svalbard Lufthavn;SN99840;16;5;2018;2.9
Svalbard Lufthavn;SN99840;17;5;2018;4.1
Svalbard Lufthavn;SN99840;18;5;2018;2.9
Svalbard Lufthavn;SN99840;19;5;2018;2.2
Svalbard Lufthavn;SN99840;20;5;2018;1.6
Svalbard Lufthavn;SN99840;21;5;2018;-0.1
Svalbard Lufthavn;SN99840;22;5;2018;-0.1
Svalbard Lufthavn;SN99840;23;5;2018;1.8
Svalbard Lufthavn;SN99840;24;5;2018;3.5
Svalbard Lufthavn;SN99840;25;5;2018;0.7
Svalbard Lufthavn;SN99840;26;5;2018;-0.1
Svalbard Lufthavn;SN99840;27;5;2018;1.4
Svalbard Lufthavn;SN99840;28;5;2018;2.4
Svalbard Lufthavn;SN99840;29;5;2018;1.8
Svalbard Lufthavn;SN99840;30;5;2018;2.3
Svalbard Lufthavn;SN99840;31;5;2018;2.9
Svalbard Lufthavn;SN99840;1;5;2019;-9.2
Svalbard Lufthavn;SN99840;2;5;2019;-6.4
Svalbard Lufthavn;SN99840;3;5;2019;-4.6
Svalbard Lufthavn;SN99840;4;5;2019;-7
Svalbard Lufthavn;SN99840;5;5;2019;-6
Svalbard Lufthavn;SN99840;6;5;2019;-4.5
Svalbard Lufthavn;SN99840;7;5;2019;-4.2
Svalbard Lufthavn;SN99840;8;5;2019;-6.7
Svalbard Lufthavn;SN99840;9;5;2019;-5.8
Svalbard Lufthavn;SN99840;10;5;2019;-4.5
Svalbard Lufthavn;SN99840;11;5;2019;-1.9
Svalbard Lufthavn;SN99840;12;5;2019;-0.1
Svalbard Lufthavn;SN99840;13;5;2019;0
Svalbard Lufthavn;SN99840;14;5;2019;0.7
Svalbard Lufthavn;SN99840;15;5;2019;0.3
Svalbard Lufthavn;SN99840;16;5;2019;0.9
Svalbard Lufthavn;SN99840;17;5;2019;1.1
Svalbard Lufthavn;SN99840;18;5;2019;1.4
Svalbard Lufthavn;SN99840;19;5;2019;-0.8
Svalbard Lufthavn;SN99840;20;5;2019;-1.5
Svalbard Lufthavn;SN99840;21;5;2019;-2.6
Svalbard Lufthavn;SN99840;22;5;2019;-0.8
Svalbard Lufthavn;SN99840;23;5;2019;-0.8
Svalbard Lufthavn;SN99840;24;5;2019;-2.8
Svalbard Lufthavn;SN99840;25;5;2019;-5.6
Svalbard Lufthavn;SN99840;26;5;2019;-2.8
Svalbard Lufthavn;SN99840;27;5;2019;-1.6
Svalbard Lufthavn;SN99840;28;5;2019;-0.1
Svalbard Lufthavn;SN99840;29;5;2019;1.8
Svalbard Lufthavn;SN99840;30;5;2019;0.4
Svalbard Lufthavn;SN99840;31;5;2019;1.7
Svalbard Lufthavn;SN99840;1;5;2020;-3
Svalbard Lufthavn;SN99840;2;5;2020;-5.1
Svalbard Lufthavn;SN99840;3;5;2020;-7.2
Svalbard Lufthavn;SN99840;4;5;2020;-6.1
Svalbard Lufthavn;SN99840;5;5;2020;-1.2
Svalbard Lufthavn;SN99840;6;5;2020;0.5
Svalbard Lufthavn;SN99840;7;5;2020;-0.5
Svalbard Lufthavn;SN99840;8;5;2020;-2.7
Svalbard Lufthavn;SN99840;9;5;2020;-5.5
Svalbard Lufthavn;SN99840;10;5;2020;-7.8
Svalbard Lufthavn;SN99840;11;5;2020;-7.1
Svalbard Lufthavn;SN99840;12;5;2020;-6.7
Svalbard Lufthavn;SN99840;13;5;2020;-0.6
Svalbard Lufthavn;SN99840;14;5;2020;2
Svalbard Lufthavn;SN99840;15;5;2020;2
Svalbard Lufthavn;SN99840;16;5;2020;2.1
Svalbard Lufthavn;SN99840;17;5;2020;1.9
Svalbard Lufthavn;SN99840;18;5;2020;2.3
Svalbard Lufthavn;SN99840;19;5;2020;1.8
Svalbard Lufthavn;SN99840;20;5;2020;1.3
Svalbard Lufthavn;SN99840;21;5;2020;2.3
Svalbard Lufthavn;SN99840;22;5;2020;0.4
Svalbard Lufthavn;SN99840;23;5;2020;2.7
Svalbard Lufthavn;SN99840;24;5;2020;5.4
Svalbard Lufthavn;SN99840;25;5;2020;4.1
Svalbard Lufthavn;SN99840;26;5;2020;6.5
Svalbard Lufthavn;SN99840;27;5;2020;6.8
Svalbard Lufthavn;SN99840;28;5;2020;5.1
Svalbard Lufthavn;SN99840;29;5;2020;3.7
Svalbard Lufthavn;SN99840;30;5;2020;3.2
Svalbard Lufthavn;SN99840;31;5;2020;4
Ny-ålesund;SN99910;1;5;1990;-12.1
Ny-ålesund;SN99910;2;5;1990;-10.6
Ny-ålesund;SN99910;3;5;1990;-8.5
Ny-ålesund;SN99910;4;5;1990;-5.5
Ny-ålesund;SN99910;5;5;1990;-7
Ny-ålesund;SN99910;6;5;1990;-8.9
Ny-ålesund;SN99910;7;5;1990;-8.1
Ny-ålesund;SN99910;8;5;1990;-9.3
Ny-ålesund;SN99910;9;5;1990;-6.1
Ny-ålesund;SN99910;10;5;1990;-7.6
Ny-ålesund;SN99910;11;5;1990;-7.9
Ny-ålesund;SN99910;12;5;1990;-2.8
Ny-ålesund;SN99910;13;5;1990;-0.3
Ny-ålesund;SN99910;14;5;1990;-3
Ny-ålesund;SN99910;15;5;1990;-3.6
Ny-ålesund;SN99910;16;5;1990;-6
Ny-ålesund;SN99910;17;5;1990;-4.3
Ny-ålesund;SN99910;18;5;1990;-3.6
Ny-ålesund;SN99910;19;5;1990;-2.8
Ny-ålesund;SN99910;20;5;1990;-2.9
Ny-ålesund;SN99910;21;5;1990;-3.1
Ny-ålesund;SN99910;22;5;1990;-2
Ny-ålesund;SN99910;23;5;1990;-2.1
Ny-ålesund;SN99910;24;5;1990;-3.7
Ny-ålesund;SN99910;25;5;1990;-2
Ny-ålesund;SN99910;26;5;1990;-1.7
Ny-ålesund;SN99910;27;5;1990;-1.7
Ny-ålesund;SN99910;28;5;1990;0.1
Ny-ålesund;SN99910;29;5;1990;-1.9
Ny-ålesund;SN99910;30;5;1990;-2.2
Ny-ålesund;SN99910;31;5;1990;-4.3
Ny-ålesund;SN99910;1;5;1991;-3
Ny-ålesund;SN99910;2;5;1991;-6.5
Ny-ålesund;SN99910;3;5;1991;-9.4
Ny-ålesund;SN99910;4;5;1991;-9.2
Ny-ålesund;SN99910;5;5;1991;-11.7
Ny-ålesund;SN99910;6;5;1991;-11.7
Ny-ålesund;SN99910;7;5;1991;-8.9
Ny-ålesund;SN99910;8;5;1991;-6.5
Ny-ålesund;SN99910;9;5;1991;-6.5
Ny-ålesund;SN99910;10;5;1991;-7
Ny-ålesund;SN99910;11;5;1991;-5.9
Ny-ålesund;SN99910;12;5;1991;-3.8
Ny-ålesund;SN99910;13;5;1991;-5.3
Ny-ålesund;SN99910;14;5;1991;-4.8
Ny-ålesund;SN99910;15;5;1991;-5.8
Ny-ålesund;SN99910;16;5;1991;-3.3
Ny-ålesund;SN99910;17;5;1991;0.9
Ny-ålesund;SN99910;18;5;1991;1.9
Ny-ålesund;SN99910;19;5;1991;0.3
Ny-ålesund;SN99910;20;5;1991;0.4
Ny-ålesund;SN99910;21;5;1991;-1.1
Ny-ålesund;SN99910;22;5;1991;0.2
Ny-ålesund;SN99910;23;5;1991;0.3
Ny-ålesund;SN99910;24;5;1991;-3.1
Ny-ålesund;SN99910;25;5;1991;-3.1
Ny-ålesund;SN99910;26;5;1991;-1.1
Ny-ålesund;SN99910;27;5;1991;1.3
Ny-ålesund;SN99910;28;5;1991;3.4
Ny-ålesund;SN99910;29;5;1991;3.1
Ny-ålesund;SN99910;30;5;1991;3.9
Ny-ålesund;SN99910;31;5;1991;0.8
Ny-ålesund;SN99910;1;5;1992;1.4
Ny-ålesund;SN99910;2;5;1992;-1.4
Ny-ålesund;SN99910;3;5;1992;-2.7
Ny-ålesund;SN99910;4;5;1992;-4.8
Ny-ålesund;SN99910;5;5;1992;-4
Ny-ålesund;SN99910;6;5;1992;1.2
Ny-ålesund;SN99910;7;5;1992;-1.3
Ny-ålesund;SN99910;8;5;1992;-0.9
Ny-ålesund;SN99910;9;5;1992;-2.2
Ny-ålesund;SN99910;10;5;1992;-5.3
Ny-ålesund;SN99910;11;5;1992;-5.5
Ny-ålesund;SN99910;12;5;1992;-3.4
Ny-ålesund;SN99910;13;5;1992;-2.2
Ny-ålesund;SN99910;14;5;1992;-5.1
Ny-ålesund;SN99910;15;5;1992;-5.2
Ny-ålesund;SN99910;16;5;1992;-6.8
Ny-ålesund;SN99910;17;5;1992;-7.2
Ny-ålesund;SN99910;18;5;1992;-6.4
Ny-ålesund;SN99910;19;5;1992;-5.2
Ny-ålesund;SN99910;20;5;1992;-3.8
Ny-ålesund;SN99910;21;5;1992;-0.7
Ny-ålesund;SN99910;22;5;1992;-0.2
Ny-ålesund;SN99910;23;5;1992;-4.2
Ny-ålesund;SN99910;24;5;1992;-5
Ny-ålesund;SN99910;25;5;1992;-1.9
Ny-ålesund;SN99910;26;5;1992;-0.6
Ny-ålesund;SN99910;27;5;1992;1.3
Ny-ålesund;SN99910;28;5;1992;0.4
Ny-ålesund;SN99910;29;5;1992;-0.7
Ny-ålesund;SN99910;30;5;1992;-2.7
Ny-ålesund;SN99910;31;5;1992;-0.6
Ny-ålesund;SN99910;1;5;1993;-11.5
Ny-ålesund;SN99910;2;5;1993;-11.9
Ny-ålesund;SN99910;3;5;1993;-9.8
Ny-ålesund;SN99910;4;5;1993;-9
Ny-ålesund;SN99910;5;5;1993;-4.8
Ny-ålesund;SN99910;6;5;1993;1.3
Ny-ålesund;SN99910;7;5;1993;0.4
Ny-ålesund;SN99910;8;5;1993;-2.1
Ny-ålesund;SN99910;9;5;1993;-3.7
Ny-ålesund;SN99910;10;5;1993;-5.1
Ny-ålesund;SN99910;11;5;1993;-6.8
Ny-ålesund;SN99910;12;5;1993;-4.8
Ny-ålesund;SN99910;13;5;1993;-4.9
Ny-ålesund;SN99910;14;5;1993;-5.9
Ny-ålesund;SN99910;15;5;1993;-5
Ny-ålesund;SN99910;16;5;1993;-5.2
Ny-ålesund;SN99910;17;5;1993;-4.9
Ny-ålesund;SN99910;18;5;1993;-3.3
Ny-ålesund;SN99910;19;5;1993;-2.6
Ny-ålesund;SN99910;20;5;1993;-0.6
Ny-ålesund;SN99910;21;5;1993;-0.4
Ny-ålesund;SN99910;22;5;1993;-1.5
Ny-ålesund;SN99910;23;5;1993;-1.2
Ny-ålesund;SN99910;24;5;1993;-1.7
Ny-ålesund;SN99910;25;5;1993;-0.4
Ny-ålesund;SN99910;26;5;1993;1.5
Ny-ålesund;SN99910;27;5;1993;2.9
Ny-ålesund;SN99910;28;5;1993;1.5
Ny-ålesund;SN99910;29;5;1993;1.8
Ny-ålesund;SN99910;30;5;1993;1.5
Ny-ålesund;SN99910;31;5;1993;0.2
Ny-ålesund;SN99910;1;5;1994;-9.9
Ny-ålesund;SN99910;2;5;1994;-10
Ny-ålesund;SN99910;3;5;1994;-10.7
Ny-ålesund;SN99910;4;5;1994;-10.9
Ny-ålesund;SN99910;5;5;1994;-13.5
Ny-ålesund;SN99910;6;5;1994;-5.3
Ny-ålesund;SN99910;7;5;1994;-5.5
Ny-ålesund;SN99910;8;5;1994;-6.4
Ny-ålesund;SN99910;9;5;1994;0.3
Ny-ålesund;SN99910;10;5;1994;1.9
Ny-ålesund;SN99910;11;5;1994;0.2
Ny-ålesund;SN99910;12;5;1994;-1.6
Ny-ålesund;SN99910;13;5;1994;-3.1
Ny-ålesund;SN99910;14;5;1994;-3.3
Ny-ålesund;SN99910;15;5;1994;-3.8
Ny-ålesund;SN99910;16;5;1994;-3.7
Ny-ålesund;SN99910;17;5;1994;-4.9
Ny-ålesund;SN99910;18;5;1994;-2.1
Ny-ålesund;SN99910;19;5;1994;-3.4
Ny-ålesund;SN99910;20;5;1994;-4.5
Ny-ålesund;SN99910;21;5;1994;-3.3
Ny-ålesund;SN99910;22;5;1994;0.5
Ny-ålesund;SN99910;23;5;1994;1.8
Ny-ålesund;SN99910;24;5;1994;1.7
Ny-ålesund;SN99910;25;5;1994;2
Ny-ålesund;SN99910;26;5;1994;1.1
Ny-ålesund;SN99910;27;5;1994;1.4
Ny-ålesund;SN99910;28;5;1994;-1.3
Ny-ålesund;SN99910;29;5;1994;-3.4
Ny-ålesund;SN99910;30;5;1994;-2.6
Ny-ålesund;SN99910;31;5;1994;-3.2
Ny-ålesund;SN99910;1;5;1995;-2.5
Ny-ålesund;SN99910;2;5;1995;-5.2
Ny-ålesund;SN99910;3;5;1995;-5.1
Ny-ålesund;SN99910;4;5;1995;-6
Ny-ålesund;SN99910;5;5;1995;-9.5
Ny-ålesund;SN99910;6;5;1995;-8.6
Ny-ålesund;SN99910;7;5;1995;-7.8
Ny-ålesund;SN99910;8;5;1995;-7.7
Ny-ålesund;SN99910;9;5;1995;-7.6
Ny-ålesund;SN99910;10;5;1995;-7.3
Ny-ålesund;SN99910;11;5;1995;-5.3
Ny-ålesund;SN99910;12;5;1995;-5
Ny-ålesund;SN99910;13;5;1995;-4.2
Ny-ålesund;SN99910;14;5;1995;-3.1
Ny-ålesund;SN99910;15;5;1995;-2.4
Ny-ålesund;SN99910;16;5;1995;-1.5
Ny-ålesund;SN99910;17;5;1995;-0.2
Ny-ålesund;SN99910;18;5;1995;1.4
Ny-ålesund;SN99910;19;5;1995;2.6
Ny-ålesund;SN99910;20;5;1995;2.1
Ny-ålesund;SN99910;21;5;1995;1.9
Ny-ålesund;SN99910;22;5;1995;1.2
Ny-ålesund;SN99910;23;5;1995;0.3
Ny-ålesund;SN99910;24;5;1995;-0.2
Ny-ålesund;SN99910;25;5;1995;-0.8
Ny-ålesund;SN99910;26;5;1995;-0.1
Ny-ålesund;SN99910;27;5;1995;0.5
Ny-ålesund;SN99910;28;5;1995;-2.1
Ny-ålesund;SN99910;29;5;1995;-2.6
Ny-ålesund;SN99910;30;5;1995;-1.8
Ny-ålesund;SN99910;31;5;1995;-1.6
Ny-ålesund;SN99910;1;5;1996;-10.4
Ny-ålesund;SN99910;2;5;1996;-12.3
Ny-ålesund;SN99910;3;5;1996;-11.8
Ny-ålesund;SN99910;4;5;1996;-11.2
Ny-ålesund;SN99910;5;5;1996;-14.9
Ny-ålesund;SN99910;6;5;1996;-10.1
Ny-ålesund;SN99910;7;5;1996;-10.9
Ny-ålesund;SN99910;8;5;1996;-10.7
Ny-ålesund;SN99910;9;5;1996;-8.2
Ny-ålesund;SN99910;10;5;1996;-4.1
Ny-ålesund;SN99910;11;5;1996;-2.5
Ny-ålesund;SN99910;12;5;1996;-8.1
Ny-ålesund;SN99910;13;5;1996;-10.2
Ny-ålesund;SN99910;14;5;1996;-5.6
Ny-ålesund;SN99910;15;5;1996;-5.6
Ny-ålesund;SN99910;16;5;1996;-5.3
Ny-ålesund;SN99910;17;5;1996;-2.1
Ny-ålesund;SN99910;18;5;1996;-1.1
Ny-ålesund;SN99910;19;5;1996;-2.8
Ny-ålesund;SN99910;20;5;1996;-2.9
Ny-ålesund;SN99910;21;5;1996;-3.1
Ny-ålesund;SN99910;22;5;1996;-1.6
Ny-ålesund;SN99910;23;5;1996;-0.7
Ny-ålesund;SN99910;24;5;1996;-1.8
Ny-ålesund;SN99910;25;5;1996;-2.8
Ny-ålesund;SN99910;26;5;1996;-3.3
Ny-ålesund;SN99910;27;5;1996;-2.8
Ny-ålesund;SN99910;28;5;1996;-2.5
Ny-ålesund;SN99910;29;5;1996;-3.3
Ny-ålesund;SN99910;30;5;1996;-1.2
Ny-ålesund;SN99910;31;5;1996;-0.6
Ny-ålesund;SN99910;1;5;1997;-9.8
Ny-ålesund;SN99910;2;5;1997;-9.8
Ny-ålesund;SN99910;3;5;1997;-7.8
Ny-ålesund;SN99910;4;5;1997;-2.8
Ny-ålesund;SN99910;5;5;1997;-3.7
Ny-ålesund;SN99910;6;5;1997;-4
Ny-ålesund;SN99910;7;5;1997;-0.5
Ny-ålesund;SN99910;8;5;1997;-0.1
Ny-ålesund;SN99910;9;5;1997;-2.3
Ny-ålesund;SN99910;10;5;1997;-1.9
Ny-ålesund;SN99910;11;5;1997;-2.6
Ny-ålesund;SN99910;12;5;1997;-4.9
Ny-ålesund;SN99910;13;5;1997;-6.5
Ny-ålesund;SN99910;14;5;1997;-5.1
Ny-ålesund;SN99910;15;5;1997;-4.7
Ny-ålesund;SN99910;16;5;1997;-4.4
Ny-ålesund;SN99910;17;5;1997;-4.8
Ny-ålesund;SN99910;18;5;1997;-4.9
Ny-ålesund;SN99910;19;5;1997;-5.1
Ny-ålesund;SN99910;20;5;1997;-5.5
Ny-ålesund;SN99910;21;5;1997;-4.3
Ny-ålesund;SN99910;22;5;1997;-3.8
Ny-ålesund;SN99910;23;5;1997;-2
Ny-ålesund;SN99910;24;5;1997;-2.1
Ny-ålesund;SN99910;25;5;1997;-2.7
Ny-ålesund;SN99910;26;5;1997;-5
Ny-ålesund;SN99910;27;5;1997;-5.2
Ny-ålesund;SN99910;28;5;1997;-3
Ny-ålesund;SN99910;29;5;1997;0.6
Ny-ålesund;SN99910;30;5;1997;2.2
Ny-ålesund;SN99910;31;5;1997;1.9
Ny-ålesund;SN99910;1;5;1998;-5.5
Ny-ålesund;SN99910;2;5;1998;-6.9
Ny-ålesund;SN99910;3;5;1998;-3.1
Ny-ålesund;SN99910;4;5;1998;-4.7
Ny-ålesund;SN99910;5;5;1998;-8.9
Ny-ålesund;SN99910;6;5;1998;-8.8
Ny-ålesund;SN99910;7;5;1998;-7.4
Ny-ålesund;SN99910;8;5;1998;-4.7
Ny-ålesund;SN99910;9;5;1998;-6.5
Ny-ålesund;SN99910;10;5;1998;-8.2
Ny-ålesund;SN99910;11;5;1998;-7.6
Ny-ålesund;SN99910;12;5;1998;-10.4
Ny-ålesund;SN99910;13;5;1998;-7.6
Ny-ålesund;SN99910;14;5;1998;-2.6
Ny-ålesund;SN99910;15;5;1998;-2.4
Ny-ålesund;SN99910;16;5;1998;-2.2
Ny-ålesund;SN99910;17;5;1998;-7.1
Ny-ålesund;SN99910;18;5;1998;-7.3
Ny-ålesund;SN99910;19;5;1998;-6.8
Ny-ålesund;SN99910;20;5;1998;-7
Ny-ålesund;SN99910;21;5;1998;-6.6
Ny-ålesund;SN99910;22;5;1998;-6.5
Ny-ålesund;SN99910;23;5;1998;-6.2
Ny-ålesund;SN99910;24;5;1998;-4.4
Ny-ålesund;SN99910;25;5;1998;-3.2
Ny-ålesund;SN99910;26;5;1998;-0.4
Ny-ålesund;SN99910;27;5;1998;-0.9
Ny-ålesund;SN99910;28;5;1998;-1.5
Ny-ålesund;SN99910;29;5;1998;-2.6
Ny-ålesund;SN99910;30;5;1998;-3.3
Ny-ålesund;SN99910;31;5;1998;-0.6
Ny-ålesund;SN99910;1;5;1999;-9.5
Ny-ålesund;SN99910;2;5;1999;-10.2
Ny-ålesund;SN99910;3;5;1999;-11.3
Ny-ålesund;SN99910;4;5;1999;-10.2
Ny-ålesund;SN99910;5;5;1999;-10.3
Ny-ålesund;SN99910;6;5;1999;-8.8
Ny-ålesund;SN99910;7;5;1999;-2.8
Ny-ålesund;SN99910;8;5;1999;2.6
Ny-ålesund;SN99910;9;5;1999;1.8
Ny-ålesund;SN99910;10;5;1999;1.8
Ny-ålesund;SN99910;11;5;1999;2.6
Ny-ålesund;SN99910;12;5;1999;2.4
Ny-ålesund;SN99910;13;5;1999;2.3
Ny-ålesund;SN99910;14;5;1999;2.3
Ny-ålesund;SN99910;15;5;1999;1.4
Ny-ålesund;SN99910;16;5;1999;-1.5
Ny-ålesund;SN99910;17;5;1999;-2.4
Ny-ålesund;SN99910;18;5;1999;1.8
Ny-ålesund;SN99910;19;5;1999;0.3
Ny-ålesund;SN99910;20;5;1999;-1
Ny-ålesund;SN99910;21;5;1999;-0.3
Ny-ålesund;SN99910;22;5;1999;0.1
Ny-ålesund;SN99910;23;5;1999;0.1
Ny-ålesund;SN99910;24;5;1999;-1.8
Ny-ålesund;SN99910;25;5;1999;-3.2
Ny-ålesund;SN99910;26;5;1999;-2.7
Ny-ålesund;SN99910;27;5;1999;-1.4
Ny-ålesund;SN99910;28;5;1999;-1
Ny-ålesund;SN99910;29;5;1999;-0.5
Ny-ålesund;SN99910;30;5;1999;0.4
Ny-ålesund;SN99910;31;5;1999;0.7
Ny-ålesund;SN99910;1;5;2000;1
Ny-ålesund;SN99910;2;5;2000;-0.6
Ny-ålesund;SN99910;3;5;2000;-7
Ny-ålesund;SN99910;4;5;2000;-9.6
Ny-ålesund;SN99910;5;5;2000;-11.3
Ny-ålesund;SN99910;6;5;2000;-12.3
Ny-ålesund;SN99910;7;5;2000;-7.6
Ny-ålesund;SN99910;8;5;2000;-4.1
Ny-ålesund;SN99910;9;5;2000;-6.4
Ny-ålesund;SN99910;10;5;2000;-10.4
Ny-ålesund;SN99910;11;5;2000;-11.5
Ny-ålesund;SN99910;12;5;2000;-8
Ny-ålesund;SN99910;13;5;2000;-7.4
Ny-ålesund;SN99910;14;5;2000;-6.9
Ny-ålesund;SN99910;15;5;2000;-8.7
Ny-ålesund;SN99910;16;5;2000;-9.2
Ny-ålesund;SN99910;17;5;2000;-6.8
Ny-ålesund;SN99910;18;5;2000;-3.9
Ny-ålesund;SN99910;19;5;2000;-2.7
Ny-ålesund;SN99910;20;5;2000;-1.6
Ny-ålesund;SN99910;21;5;2000;1
Ny-ålesund;SN99910;22;5;2000;0.4
Ny-ålesund;SN99910;23;5;2000;-0.3
Ny-ålesund;SN99910;24;5;2000;0.1
Ny-ålesund;SN99910;25;5;2000;-0.3
Ny-ålesund;SN99910;26;5;2000;-0.7
Ny-ålesund;SN99910;27;5;2000;-0.3
Ny-ålesund;SN99910;28;5;2000;-0.4
Ny-ålesund;SN99910;29;5;2000;0.8
Ny-ålesund;SN99910;30;5;2000;2
Ny-ålesund;SN99910;31;5;2000;1.6
Ny-ålesund;SN99910;1;5;2001;-3.3
Ny-ålesund;SN99910;2;5;2001;-1.4
Ny-ålesund;SN99910;3;5;2001;-3.2
Ny-ålesund;SN99910;4;5;2001;-6.4
Ny-ålesund;SN99910;5;5;2001;-4.9
Ny-ålesund;SN99910;6;5;2001;-6.8
Ny-ålesund;SN99910;7;5;2001;-6.6
Ny-ålesund;SN99910;8;5;2001;-3.6
Ny-ålesund;SN99910;9;5;2001;-1.8
Ny-ålesund;SN99910;10;5;2001;-6.4
Ny-ålesund;SN99910;11;5;2001;-6.6
Ny-ålesund;SN99910;12;5;2001;-5.4
Ny-ålesund;SN99910;13;5;2001;-6.4
Ny-ålesund;SN99910;14;5;2001;-5.1
Ny-ålesund;SN99910;15;5;2001;-4.5
Ny-ålesund;SN99910;16;5;2001;-5.3
Ny-ålesund;SN99910;17;5;2001;-5.5
Ny-ålesund;SN99910;18;5;2001;-4.7
Ny-ålesund;SN99910;19;5;2001;-3.5
Ny-ålesund;SN99910;20;5;2001;-1.2
Ny-ålesund;SN99910;21;5;2001;0.1
Ny-ålesund;SN99910;22;5;2001;-0.3
Ny-ålesund;SN99910;23;5;2001;-1.3
Ny-ålesund;SN99910;24;5;2001;-1.5
Ny-ålesund;SN99910;25;5;2001;-0.6
Ny-ålesund;SN99910;26;5;2001;-1.1
Ny-ålesund;SN99910;27;5;2001;-1.2
Ny-ålesund;SN99910;28;5;2001;-0.4
Ny-ålesund;SN99910;29;5;2001;-0.3
Ny-ålesund;SN99910;30;5;2001;-2.3
Ny-ålesund;SN99910;31;5;2001;-3.6
Ny-ålesund;SN99910;1;5;2002;-1.7
Ny-ålesund;SN99910;2;5;2002;-4.6
Ny-ålesund;SN99910;3;5;2002;-9.4
Ny-ålesund;SN99910;4;5;2002;-11.7
Ny-ålesund;SN99910;5;5;2002;-11.9
Ny-ålesund;SN99910;6;5;2002;-7.3
Ny-ålesund;SN99910;7;5;2002;-5.1
Ny-ålesund;SN99910;8;5;2002;-6.8
Ny-ålesund;SN99910;9;5;2002;-5.7
Ny-ålesund;SN99910;10;5;2002;-6
Ny-ålesund;SN99910;11;5;2002;-6.5
Ny-ålesund;SN99910;12;5;2002;-6.1
Ny-ålesund;SN99910;13;5;2002;-5
Ny-ålesund;SN99910;14;5;2002;-4
Ny-ålesund;SN99910;15;5;2002;-4.2
Ny-ålesund;SN99910;16;5;2002;-3.4
Ny-ålesund;SN99910;17;5;2002;-2.5
Ny-ålesund;SN99910;18;5;2002;-5.2
Ny-ålesund;SN99910;19;5;2002;-7.7
Ny-ålesund;SN99910;20;5;2002;-7.9
Ny-ålesund;SN99910;21;5;2002;-7.9
Ny-ålesund;SN99910;22;5;2002;-7.5
Ny-ålesund;SN99910;23;5;2002;-2.3
Ny-ålesund;SN99910;24;5;2002;2
Ny-ålesund;SN99910;25;5;2002;1.1
Ny-ålesund;SN99910;26;5;2002;1.6
Ny-ålesund;SN99910;27;5;2002;2.7
Ny-ålesund;SN99910;28;5;2002;2.8
Ny-ålesund;SN99910;29;5;2002;2.3
Ny-ålesund;SN99910;30;5;2002;3.2
Ny-ålesund;SN99910;31;5;2002;3.5
Ny-ålesund;SN99910;1;5;2003;-11.1
Ny-ålesund;SN99910;2;5;2003;-11.4
Ny-ålesund;SN99910;3;5;2003;-11.2
Ny-ålesund;SN99910;4;5;2003;-7.5
Ny-ålesund;SN99910;5;5;2003;-3.1
Ny-ålesund;SN99910;6;5;2003;-4.7
Ny-ålesund;SN99910;7;5;2003;-4.3
Ny-ålesund;SN99910;8;5;2003;-4.9
Ny-ålesund;SN99910;9;5;2003;-3.5
Ny-ålesund;SN99910;10;5;2003;-3.7
Ny-ålesund;SN99910;11;5;2003;-3.9
Ny-ålesund;SN99910;12;5;2003;-3.2
Ny-ålesund;SN99910;13;5;2003;0.7
Ny-ålesund;SN99910;14;5;2003;0.3
Ny-ålesund;SN99910;15;5;2003;-3.2
Ny-ålesund;SN99910;16;5;2003;-5.3
Ny-ålesund;SN99910;17;5;2003;0.9
Ny-ålesund;SN99910;18;5;2003;0.2
Ny-ålesund;SN99910;19;5;2003;0.6
Ny-ålesund;SN99910;20;5;2003;-0.1
Ny-ålesund;SN99910;21;5;2003;-2.2
Ny-ålesund;SN99910;22;5;2003;-2.6
Ny-ålesund;SN99910;23;5;2003;-2
Ny-ålesund;SN99910;24;5;2003;-1.7
Ny-ålesund;SN99910;25;5;2003;-3.9
Ny-ålesund;SN99910;26;5;2003;-1.3
Ny-ålesund;SN99910;27;5;2003;0.4
Ny-ålesund;SN99910;28;5;2003;0.1
Ny-ålesund;SN99910;29;5;2003;-1.3
Ny-ålesund;SN99910;30;5;2003;-1.1
Ny-ålesund;SN99910;31;5;2003;-1.4
Ny-ålesund;SN99910;1;5;2004;-1.7
Ny-ålesund;SN99910;2;5;2004;-1.6
Ny-ålesund;SN99910;3;5;2004;-0.3
Ny-ålesund;SN99910;4;5;2004;0
Ny-ålesund;SN99910;5;5;2004;0.6
Ny-ålesund;SN99910;6;5;2004;0.5
Ny-ålesund;SN99910;7;5;2004;-0.4
Ny-ålesund;SN99910;8;5;2004;-1.9
Ny-ålesund;SN99910;9;5;2004;-5.9
Ny-ålesund;SN99910;10;5;2004;-8.4
Ny-ålesund;SN99910;11;5;2004;-7.4
Ny-ålesund;SN99910;12;5;2004;-5
Ny-ålesund;SN99910;13;5;2004;-5.1
Ny-ålesund;SN99910;14;5;2004;-3.9
Ny-ålesund;SN99910;15;5;2004;-2.7
Ny-ålesund;SN99910;16;5;2004;-3.6
Ny-ålesund;SN99910;17;5;2004;-3.6
Ny-ålesund;SN99910;18;5;2004;-4.4
Ny-ålesund;SN99910;19;5;2004;-2.2
Ny-ålesund;SN99910;20;5;2004;-1.1
Ny-ålesund;SN99910;21;5;2004;0.9
Ny-ålesund;SN99910;22;5;2004;2.1
Ny-ålesund;SN99910;23;5;2004;0.8
Ny-ålesund;SN99910;24;5;2004;0.4
Ny-ålesund;SN99910;25;5;2004;-0.1
Ny-ålesund;SN99910;26;5;2004;0.7
Ny-ålesund;SN99910;27;5;2004;-0.5
Ny-ålesund;SN99910;28;5;2004;-0.4
Ny-ålesund;SN99910;29;5;2004;0.9
Ny-ålesund;SN99910;30;5;2004;-1.3
Ny-ålesund;SN99910;31;5;2004;-1.4
Ny-ålesund;SN99910;1;5;2005;-3.7
Ny-ålesund;SN99910;2;5;2005;-0.1
Ny-ålesund;SN99910;3;5;2005;-1.3
Ny-ålesund;SN99910;4;5;2005;-1.8
Ny-ålesund;SN99910;5;5;2005;-2.4
Ny-ålesund;SN99910;6;5;2005;-4.4
Ny-ålesund;SN99910;7;5;2005;-3.3
Ny-ålesund;SN99910;8;5;2005;-3.6
Ny-ålesund;SN99910;9;5;2005;-2
Ny-ålesund;SN99910;10;5;2005;-3
Ny-ålesund;SN99910;11;5;2005;-2.8
Ny-ålesund;SN99910;12;5;2005;-3.6
Ny-ålesund;SN99910;13;5;2005;-0.7
Ny-ålesund;SN99910;14;5;2005;1.8
Ny-ålesund;SN99910;15;5;2005;2
Ny-ålesund;SN99910;16;5;2005;-2.6
Ny-ålesund;SN99910;17;5;2005;-3.9
Ny-ålesund;SN99910;18;5;2005;-4.7
Ny-ålesund;SN99910;19;5;2005;-5.3
Ny-ålesund;SN99910;20;5;2005;-3.9
Ny-ålesund;SN99910;21;5;2005;-4.5
Ny-ålesund;SN99910;22;5;2005;-2.7
Ny-ålesund;SN99910;23;5;2005;-1.1
Ny-ålesund;SN99910;24;5;2005;-0.9
Ny-ålesund;SN99910;25;5;2005;-0.6
Ny-ålesund;SN99910;26;5;2005;1.2
Ny-ålesund;SN99910;27;5;2005;0.2
Ny-ålesund;SN99910;28;5;2005;-0.2
Ny-ålesund;SN99910;29;5;2005;-0.7
Ny-ålesund;SN99910;30;5;2005;1.3
Ny-ålesund;SN99910;31;5;2005;1
Ny-ålesund;SN99910;1;5;2006;0.6
Ny-ålesund;SN99910;2;5;2006;5
Ny-ålesund;SN99910;3;5;2006;5.8
Ny-ålesund;SN99910;4;5;2006;5
Ny-ålesund;SN99910;5;5;2006;2.6
Ny-ålesund;SN99910;6;5;2006;4.7
Ny-ålesund;SN99910;7;5;2006;-1.2
Ny-ålesund;SN99910;8;5;2006;-3.8
Ny-ålesund;SN99910;9;5;2006;-2.2
Ny-ålesund;SN99910;10;5;2006;-2
Ny-ålesund;SN99910;11;5;2006;-2.8
Ny-ålesund;SN99910;12;5;2006;-2.8
Ny-ålesund;SN99910;13;5;2006;-1.7
Ny-ålesund;SN99910;14;5;2006;-2.1
Ny-ålesund;SN99910;15;5;2006;-1.9
Ny-ålesund;SN99910;16;5;2006;-2.2
Ny-ålesund;SN99910;17;5;2006;-1.8
Ny-ålesund;SN99910;18;5;2006;-1.2
Ny-ålesund;SN99910;19;5;2006;-0.8
Ny-ålesund;SN99910;20;5;2006;-0.6
Ny-ålesund;SN99910;21;5;2006;-2.6
Ny-ålesund;SN99910;22;5;2006;-1.3
Ny-ålesund;SN99910;23;5;2006;0.5
Ny-ålesund;SN99910;24;5;2006;1.5
Ny-ålesund;SN99910;25;5;2006;2.6
Ny-ålesund;SN99910;26;5;2006;1.6
Ny-ålesund;SN99910;27;5;2006;1.2
Ny-ålesund;SN99910;28;5;2006;1.5
Ny-ålesund;SN99910;29;5;2006;0.4
Ny-ålesund;SN99910;30;5;2006;1.1
Ny-ålesund;SN99910;31;5;2006;2.4
Ny-ålesund;SN99910;1;5;2007;-3.9
Ny-ålesund;SN99910;2;5;2007;-3.1
Ny-ålesund;SN99910;3;5;2007;-4.5
Ny-ålesund;SN99910;4;5;2007;-8
Ny-ålesund;SN99910;5;5;2007;-8.4
Ny-ålesund;SN99910;6;5;2007;-7.1
Ny-ålesund;SN99910;7;5;2007;-6.7
Ny-ålesund;SN99910;8;5;2007;-3.7
Ny-ålesund;SN99910;9;5;2007;-1.8
Ny-ålesund;SN99910;10;5;2007;-1.9
Ny-ålesund;SN99910;11;5;2007;-2.3
Ny-ålesund;SN99910;12;5;2007;-2.1
Ny-ålesund;SN99910;13;5;2007;-2.7
Ny-ålesund;SN99910;14;5;2007;-3.6
Ny-ålesund;SN99910;15;5;2007;-2.9
Ny-ålesund;SN99910;16;5;2007;-1.3
Ny-ålesund;SN99910;17;5;2007;-2.1
Ny-ålesund;SN99910;18;5;2007;1
Ny-ålesund;SN99910;19;5;2007;-1
Ny-ålesund;SN99910;20;5;2007;-0.5
Ny-ålesund;SN99910;21;5;2007;-1.1
Ny-ålesund;SN99910;22;5;2007;-1.1
Ny-ålesund;SN99910;23;5;2007;-1
Ny-ålesund;SN99910;24;5;2007;-1.3
Ny-ålesund;SN99910;25;5;2007;-2.7
Ny-ålesund;SN99910;26;5;2007;-2.9
Ny-ålesund;SN99910;27;5;2007;-4.7
Ny-ålesund;SN99910;28;5;2007;-5.4
Ny-ålesund;SN99910;29;5;2007;-3.7
Ny-ålesund;SN99910;30;5;2007;-1.5
Ny-ålesund;SN99910;31;5;2007;-2.4
Ny-ålesund;SN99910;1;5;2008;-3.2
Ny-ålesund;SN99910;2;5;2008;-6.4
Ny-ålesund;SN99910;3;5;2008;-8.4
Ny-ålesund;SN99910;4;5;2008;-8.4
Ny-ålesund;SN99910;5;5;2008;-5.2
Ny-ålesund;SN99910;6;5;2008;-2.1
Ny-ålesund;SN99910;7;5;2008;-2
Ny-ålesund;SN99910;8;5;2008;-1.9
Ny-ålesund;SN99910;9;5;2008;-1.7
Ny-ålesund;SN99910;10;5;2008;-2.7
Ny-ålesund;SN99910;11;5;2008;-3.2
Ny-ålesund;SN99910;12;5;2008;-1.9
Ny-ålesund;SN99910;13;5;2008;-3.2
Ny-ålesund;SN99910;14;5;2008;-3.3
Ny-ålesund;SN99910;15;5;2008;-2.9
Ny-ålesund;SN99910;16;5;2008;-2.7
Ny-ålesund;SN99910;17;5;2008;-1.2
Ny-ålesund;SN99910;18;5;2008;-1.7
Ny-ålesund;SN99910;19;5;2008;-1.9
Ny-ålesund;SN99910;20;5;2008;-2.5
Ny-ålesund;SN99910;21;5;2008;-4.2
Ny-ålesund;SN99910;22;5;2008;-1.5
Ny-ålesund;SN99910;23;5;2008;-1.4
Ny-ålesund;SN99910;24;5;2008;-2
Ny-ålesund;SN99910;25;5;2008;-0.7
Ny-ålesund;SN99910;26;5;2008;-0.5
Ny-ålesund;SN99910;27;5;2008;0.3
Ny-ålesund;SN99910;28;5;2008;-1.1
Ny-ålesund;SN99910;29;5;2008;-2
Ny-ålesund;SN99910;30;5;2008;2
Ny-ålesund;SN99910;31;5;2008;2.2
Ny-ålesund;SN99910;1;5;2009;-6.5
Ny-ålesund;SN99910;2;5;2009;-1
Ny-ålesund;SN99910;3;5;2009;-0.1
Ny-ålesund;SN99910;4;5;2009;1.5
Ny-ålesund;SN99910;5;5;2009;-0.5
Ny-ålesund;SN99910;6;5;2009;-3.1
Ny-ålesund;SN99910;7;5;2009;-5.1
Ny-ålesund;SN99910;8;5;2009;-6.5
Ny-ålesund;SN99910;9;5;2009;-3.4
Ny-ålesund;SN99910;10;5;2009;1.6
Ny-ålesund;SN99910;11;5;2009;1.3
Ny-ålesund;SN99910;12;5;2009;1
Ny-ålesund;SN99910;13;5;2009;0.6
Ny-ålesund;SN99910;14;5;2009;0.2
Ny-ålesund;SN99910;15;5;2009;0.6
Ny-ålesund;SN99910;16;5;2009;-0.4
Ny-ålesund;SN99910;17;5;2009;-4.6
Ny-ålesund;SN99910;18;5;2009;-2.8
Ny-ålesund;SN99910;19;5;2009;-1.6
Ny-ålesund;SN99910;20;5;2009;0.1
Ny-ålesund;SN99910;21;5;2009;0.5
Ny-ålesund;SN99910;22;5;2009;1.1
Ny-ålesund;SN99910;23;5;2009;0.1
Ny-ålesund;SN99910;24;5;2009;-5.1
Ny-ålesund;SN99910;25;5;2009;-8.3
Ny-ålesund;SN99910;26;5;2009;-6.9
Ny-ålesund;SN99910;27;5;2009;-3.3
Ny-ålesund;SN99910;28;5;2009;-2.8
Ny-ålesund;SN99910;29;5;2009;-1.9
Ny-ålesund;SN99910;30;5;2009;0.3
Ny-ålesund;SN99910;31;5;2009;0.3
Ny-ålesund;SN99910;1;5;2010;-7.4
Ny-ålesund;SN99910;2;5;2010;-3.3
Ny-ålesund;SN99910;3;5;2010;-2
Ny-ålesund;SN99910;4;5;2010;-2.6
Ny-ålesund;SN99910;5;5;2010;-1.5
Ny-ålesund;SN99910;6;5;2010;1.1
Ny-ålesund;SN99910;7;5;2010;1.7
Ny-ålesund;SN99910;8;5;2010;-0.3
Ny-ålesund;SN99910;9;5;2010;-2.3
Ny-ålesund;SN99910;10;5;2010;-5
Ny-ålesund;SN99910;11;5;2010;-4
Ny-ålesund;SN99910;12;5;2010;0.5
Ny-ålesund;SN99910;13;5;2010;0.1
Ny-ålesund;SN99910;14;5;2010;-0.6
Ny-ålesund;SN99910;15;5;2010;-0.6
Ny-ålesund;SN99910;16;5;2010;1.3
Ny-ålesund;SN99910;17;5;2010;1.6
Ny-ålesund;SN99910;18;5;2010;1.9
Ny-ålesund;SN99910;19;5;2010;1.8
Ny-ålesund;SN99910;20;5;2010;0.5
Ny-ålesund;SN99910;21;5;2010;1.4
Ny-ålesund;SN99910;22;5;2010;1.3
Ny-ålesund;SN99910;23;5;2010;1.8
Ny-ålesund;SN99910;24;5;2010;1.4
Ny-ålesund;SN99910;25;5;2010;1
Ny-ålesund;SN99910;26;5;2010;1
Ny-ålesund;SN99910;27;5;2010;0.1
Ny-ålesund;SN99910;28;5;2010;0.1
Ny-ålesund;SN99910;29;5;2010;0.8
Ny-ålesund;SN99910;30;5;2010;0
Ny-ålesund;SN99910;31;5;2010;-0.3
Ny-ålesund;SN99910;1;5;2011;1.9
Ny-ålesund;SN99910;2;5;2011;1.7
Ny-ålesund;SN99910;3;5;2011;-1.8
Ny-ålesund;SN99910;4;5;2011;-4.5
Ny-ålesund;SN99910;5;5;2011;-3.7
Ny-ålesund;SN99910;6;5;2011;0.4
Ny-ålesund;SN99910;7;5;2011;0.4
Ny-ålesund;SN99910;8;5;2011;-2.7
Ny-ålesund;SN99910;9;5;2011;-7.1
Ny-ålesund;SN99910;10;5;2011;-7.7
Ny-ålesund;SN99910;11;5;2011;-5.1
Ny-ålesund;SN99910;12;5;2011;-1.3
Ny-ålesund;SN99910;13;5;2011;0.7
Ny-ålesund;SN99910;14;5;2011;-0.1
Ny-ålesund;SN99910;15;5;2011;-3.9
Ny-ålesund;SN99910;16;5;2011;-5.4
Ny-ålesund;SN99910;17;5;2011;-5.3
Ny-ålesund;SN99910;18;5;2011;-6.6
Ny-ålesund;SN99910;19;5;2011;-5.4
Ny-ålesund;SN99910;20;5;2011;-5.5
Ny-ålesund;SN99910;21;5;2011;-3.6
Ny-ålesund;SN99910;22;5;2011;-2
Ny-ålesund;SN99910;23;5;2011;-1.6
Ny-ålesund;SN99910;24;5;2011;-0.2
Ny-ålesund;SN99910;25;5;2011;-1.7
Ny-ålesund;SN99910;26;5;2011;-2.1
Ny-ålesund;SN99910;27;5;2011;-0.4
Ny-ålesund;SN99910;28;5;2011;0.8
Ny-ålesund;SN99910;29;5;2011;1.9
Ny-ålesund;SN99910;30;5;2011;2.6
Ny-ålesund;SN99910;31;5;2011;3.8
Ny-ålesund;SN99910;1;5;2012;-5.5
Ny-ålesund;SN99910;2;5;2012;-9
Ny-ålesund;SN99910;3;5;2012;-6.4
Ny-ålesund;SN99910;4;5;2012;-2
Ny-ålesund;SN99910;5;5;2012;-1.6
Ny-ålesund;SN99910;6;5;2012;-2
Ny-ålesund;SN99910;7;5;2012;-3.5
Ny-ålesund;SN99910;8;5;2012;-5.6
Ny-ålesund;SN99910;9;5;2012;-4
Ny-ålesund;SN99910;10;5;2012;-1.5
Ny-ålesund;SN99910;11;5;2012;-1.9
Ny-ålesund;SN99910;12;5;2012;-0.9
Ny-ålesund;SN99910;13;5;2012;-1.5
Ny-ålesund;SN99910;14;5;2012;-2.4
Ny-ålesund;SN99910;15;5;2012;-2.5
Ny-ålesund;SN99910;16;5;2012;-4.1
Ny-ålesund;SN99910;17;5;2012;-2.8
Ny-ålesund;SN99910;18;5;2012;-1.1
Ny-ålesund;SN99910;19;5;2012;1.6
Ny-ålesund;SN99910;20;5;2012;0.5
Ny-ålesund;SN99910;21;5;2012;-0.7
Ny-ålesund;SN99910;22;5;2012;-0.7
Ny-ålesund;SN99910;23;5;2012;0.9
Ny-ålesund;SN99910;24;5;2012;0
Ny-ålesund;SN99910;25;5;2012;-1
Ny-ålesund;SN99910;26;5;2012;-1.6
Ny-ålesund;SN99910;27;5;2012;-2
Ny-ålesund;SN99910;28;5;2012;-1.3
Ny-ålesund;SN99910;29;5;2012;-2
Ny-ålesund;SN99910;30;5;2012;-1.7
Ny-ålesund;SN99910;31;5;2012;1.3
Ny-ålesund;SN99910;1;5;2013;-1.7
Ny-ålesund;SN99910;2;5;2013;-3.4
Ny-ålesund;SN99910;3;5;2013;-3.8
Ny-ålesund;SN99910;4;5;2013;-3.6
Ny-ålesund;SN99910;5;5;2013;-3.3
Ny-ålesund;SN99910;6;5;2013;-5
Ny-ålesund;SN99910;7;5;2013;-4.3
Ny-ålesund;SN99910;8;5;2013;-3.8
Ny-ålesund;SN99910;9;5;2013;-2
Ny-ålesund;SN99910;10;5;2013;-0.6
Ny-ålesund;SN99910;11;5;2013;-2.9
Ny-ålesund;SN99910;12;5;2013;-4.1
Ny-ålesund;SN99910;13;5;2013;-3.3
Ny-ålesund;SN99910;14;5;2013;-3
Ny-ålesund;SN99910;15;5;2013;-2.6
Ny-ålesund;SN99910;16;5;2013;-2.5
Ny-ålesund;SN99910;17;5;2013;-1.8
Ny-ålesund;SN99910;18;5;2013;-0.1
Ny-ålesund;SN99910;19;5;2013;0
Ny-ålesund;SN99910;20;5;2013;1.4
Ny-ålesund;SN99910;21;5;2013;0.7
Ny-ålesund;SN99910;22;5;2013;-0.6
Ny-ålesund;SN99910;23;5;2013;-0.8
Ny-ålesund;SN99910;24;5;2013;0.2
Ny-ålesund;SN99910;25;5;2013;-4.2
Ny-ålesund;SN99910;26;5;2013;-3.6
Ny-ålesund;SN99910;27;5;2013;-1.6
Ny-ålesund;SN99910;28;5;2013;0.7
Ny-ålesund;SN99910;29;5;2013;1.2
Ny-ålesund;SN99910;30;5;2013;2.5
Ny-ålesund;SN99910;31;5;2013;1.4
Ny-ålesund;SN99910;1;5;2014;-7
Ny-ålesund;SN99910;2;5;2014;-7.1
Ny-ålesund;SN99910;3;5;2014;-6.3
Ny-ålesund;SN99910;4;5;2014;-4.9
Ny-ålesund;SN99910;5;5;2014;-1.2
Ny-ålesund;SN99910;6;5;2014;0.4
Ny-ålesund;SN99910;7;5;2014;1.8
Ny-ålesund;SN99910;8;5;2014;-4.2
Ny-ålesund;SN99910;9;5;2014;-5.1
Ny-ålesund;SN99910;10;5;2014;-6.5
Ny-ålesund;SN99910;11;5;2014;-9.2
Ny-ålesund;SN99910;12;5;2014;-9
Ny-ålesund;SN99910;13;5;2014;-9.2
Ny-ålesund;SN99910;14;5;2014;-8.9
Ny-ålesund;SN99910;15;5;2014;-7.8
Ny-ålesund;SN99910;16;5;2014;-1.1
Ny-ålesund;SN99910;17;5;2014;-3.5
Ny-ålesund;SN99910;18;5;2014;-3.8
Ny-ålesund;SN99910;19;5;2014;-3
Ny-ålesund;SN99910;20;5;2014;-3.7
Ny-ålesund;SN99910;21;5;2014;-4.4
Ny-ålesund;SN99910;22;5;2014;-2.7
Ny-ålesund;SN99910;23;5;2014;-1.3
Ny-ålesund;SN99910;24;5;2014;-0.6
Ny-ålesund;SN99910;25;5;2014;-2
Ny-ålesund;SN99910;26;5;2014;-0.8
Ny-ålesund;SN99910;27;5;2014;2.3
Ny-ålesund;SN99910;28;5;2014;1.4
Ny-ålesund;SN99910;29;5;2014;1.8
Ny-ålesund;SN99910;30;5;2014;0.7
Ny-ålesund;SN99910;31;5;2014;-0.3
Ny-ålesund;SN99910;1;5;2015;-6.3
Ny-ålesund;SN99910;2;5;2015;-7.8
Ny-ålesund;SN99910;3;5;2015;-7.7
Ny-ålesund;SN99910;4;5;2015;-7.3
Ny-ålesund;SN99910;5;5;2015;-6.3
Ny-ålesund;SN99910;6;5;2015;-2.7
Ny-ålesund;SN99910;7;5;2015;-2.2
Ny-ålesund;SN99910;8;5;2015;-3
Ny-ålesund;SN99910;9;5;2015;-3.8
Ny-ålesund;SN99910;10;5;2015;-3.7
Ny-ålesund;SN99910;11;5;2015;-3.2
Ny-ålesund;SN99910;12;5;2015;-4.2
Ny-ålesund;SN99910;13;5;2015;-5.1
Ny-ålesund;SN99910;14;5;2015;-3.4
Ny-ålesund;SN99910;15;5;2015;-0.9
Ny-ålesund;SN99910;16;5;2015;0.2
Ny-ålesund;SN99910;17;5;2015;-3.2
Ny-ålesund;SN99910;18;5;2015;-1.4
Ny-ålesund;SN99910;19;5;2015;1
Ny-ålesund;SN99910;20;5;2015;1.1
Ny-ålesund;SN99910;21;5;2015;1.2
Ny-ålesund;SN99910;22;5;2015;-0.8
Ny-ålesund;SN99910;23;5;2015;-2
Ny-ålesund;SN99910;24;5;2015;-1.1
Ny-ålesund;SN99910;25;5;2015;-0.7
Ny-ålesund;SN99910;26;5;2015;0
Ny-ålesund;SN99910;27;5;2015;0.1
Ny-ålesund;SN99910;28;5;2015;-0.1
Ny-ålesund;SN99910;29;5;2015;2.4
Ny-ålesund;SN99910;30;5;2015;2.4
Ny-ålesund;SN99910;31;5;2015;2.5
Ny-ålesund;SN99910;1;5;2016;1.9
Ny-ålesund;SN99910;2;5;2016;-0.4
Ny-ålesund;SN99910;3;5;2016;-0.6
Ny-ålesund;SN99910;4;5;2016;-0.4
Ny-ålesund;SN99910;5;5;2016;-1.7
Ny-ålesund;SN99910;6;5;2016;-1.1
Ny-ålesund;SN99910;7;5;2016;0.1
Ny-ålesund;SN99910;8;5;2016;1.1
Ny-ålesund;SN99910;9;5;2016;-0.7
Ny-ålesund;SN99910;10;5;2016;-0.6
Ny-ålesund;SN99910;11;5;2016;1.2
Ny-ålesund;SN99910;12;5;2016;2.3
Ny-ålesund;SN99910;13;5;2016;2.1
Ny-ålesund;SN99910;14;5;2016;0.9
Ny-ålesund;SN99910;15;5;2016;1
Ny-ålesund;SN99910;16;5;2016;1.1
Ny-ålesund;SN99910;17;5;2016;0.9
Ny-ålesund;SN99910;18;5;2016;0.3
Ny-ålesund;SN99910;19;5;2016;-0.5
Ny-ålesund;SN99910;20;5;2016;-0.8
Ny-ålesund;SN99910;21;5;2016;0.5
Ny-ålesund;SN99910;22;5;2016;2
Ny-ålesund;SN99910;23;5;2016;2.5
Ny-ålesund;SN99910;24;5;2016;2.9
Ny-ålesund;SN99910;25;5;2016;-0.2
Ny-ålesund;SN99910;26;5;2016;2.2
Ny-ålesund;SN99910;27;5;2016;3
Ny-ålesund;SN99910;28;5;2016;1.1
Ny-ålesund;SN99910;29;5;2016;2.7
Ny-ålesund;SN99910;30;5;2016;4.3
Ny-ålesund;SN99910;31;5;2016;3.8
Ny-ålesund;SN99910;1;5;2017;-0.1
Ny-ålesund;SN99910;2;5;2017;-3
Ny-ålesund;SN99910;3;5;2017;-1
Ny-ålesund;SN99910;4;5;2017;-3
Ny-ålesund;SN99910;5;5;2017;-7.4
Ny-ålesund;SN99910;6;5;2017;-9.5
Ny-ålesund;SN99910;7;5;2017;-9.7
Ny-ålesund;SN99910;8;5;2017;-8.9
Ny-ålesund;SN99910;9;5;2017;-8.7
Ny-ålesund;SN99910;10;5;2017;-7.1
Ny-ålesund;SN99910;11;5;2017;-6
Ny-ålesund;SN99910;12;5;2017;-5.1
Ny-ålesund;SN99910;13;5;2017;-3.2
Ny-ålesund;SN99910;14;5;2017;-0.9
Ny-ålesund;SN99910;15;5;2017;-5.2
Ny-ålesund;SN99910;16;5;2017;-6.7
Ny-ålesund;SN99910;17;5;2017;-6.8
Ny-ålesund;SN99910;18;5;2017;-4.1
Ny-ålesund;SN99910;19;5;2017;-2.3
Ny-ålesund;SN99910;20;5;2017;-0.4
Ny-ålesund;SN99910;21;5;2017;0.3
Ny-ålesund;SN99910;22;5;2017;-6.2
Ny-ålesund;SN99910;23;5;2017;-6.7
Ny-ålesund;SN99910;24;5;2017;-5.4
Ny-ålesund;SN99910;25;5;2017;-3.8
Ny-ålesund;SN99910;26;5;2017;-5.4
Ny-ålesund;SN99910;27;5;2017;-4.2
Ny-ålesund;SN99910;28;5;2017;-5.2
Ny-ålesund;SN99910;29;5;2017;-3.7
Ny-ålesund;SN99910;30;5;2017;1.6
Ny-ålesund;SN99910;31;5;2017;5.5
Ny-ålesund;SN99910;1;5;2018;-0.3
Ny-ålesund;SN99910;2;5;2018;2.1
Ny-ålesund;SN99910;3;5;2018;1.1
Ny-ålesund;SN99910;4;5;2018;3.4
Ny-ålesund;SN99910;5;5;2018;3.3
Ny-ålesund;SN99910;6;5;2018;1.6
Ny-ålesund;SN99910;7;5;2018;1.4
Ny-ålesund;SN99910;8;5;2018;1.6
Ny-ålesund;SN99910;9;5;2018;0.6
Ny-ålesund;SN99910;10;5;2018;0.8
Ny-ålesund;SN99910;11;5;2018;0.6
Ny-ålesund;SN99910;12;5;2018;1.3
Ny-ålesund;SN99910;13;5;2018;1.2
Ny-ålesund;SN99910;14;5;2018;1.5
Ny-ålesund;SN99910;15;5;2018;1.6
Ny-ålesund;SN99910;16;5;2018;3.2
Ny-ålesund;SN99910;17;5;2018;3.4
Ny-ålesund;SN99910;18;5;2018;2.1
Ny-ålesund;SN99910;19;5;2018;2.2
Ny-ålesund;SN99910;20;5;2018;2.2
Ny-ålesund;SN99910;21;5;2018;0.9
Ny-ålesund;SN99910;22;5;2018;0.9
Ny-ålesund;SN99910;23;5;2018;0.5
Ny-ålesund;SN99910;24;5;2018;2
Ny-ålesund;SN99910;25;5;2018;-0.7
Ny-ålesund;SN99910;26;5;2018;-0.9
Ny-ålesund;SN99910;27;5;2018;0.4
Ny-ålesund;SN99910;28;5;2018;3.2
Ny-ålesund;SN99910;29;5;2018;2.3
Ny-ålesund;SN99910;30;5;2018;2.3
Ny-ålesund;SN99910;31;5;2018;2.7
Ny-ålesund;SN99910;1;5;2019;-9.3
Ny-ålesund;SN99910;2;5;2019;-6
Ny-ålesund;SN99910;3;5;2019;-3.7
Ny-ålesund;SN99910;4;5;2019;-5.8
Ny-ålesund;SN99910;5;5;2019;-4.1
Ny-ålesund;SN99910;6;5;2019;-2.5
Ny-ålesund;SN99910;7;5;2019;-3.7
Ny-ålesund;SN99910;8;5;2019;-5.7
Ny-ålesund;SN99910;9;5;2019;-6
Ny-ålesund;SN99910;10;5;2019;-4
Ny-ålesund;SN99910;11;5;2019;-1.3
Ny-ålesund;SN99910;12;5;2019;2
Ny-ålesund;SN99910;13;5;2019;1.1
Ny-ålesund;SN99910;14;5;2019;0.8
Ny-ålesund;SN99910;15;5;2019;-0.9
Ny-ålesund;SN99910;16;5;2019;-1.3
Ny-ålesund;SN99910;17;5;2019;0.2
Ny-ålesund;SN99910;18;5;2019;0.1
Ny-ålesund;SN99910;19;5;2019;-2.6
Ny-ålesund;SN99910;20;5;2019;-2.4
Ny-ålesund;SN99910;21;5;2019;-2.4
Ny-ålesund;SN99910;22;5;2019;-0.8
Ny-ålesund;SN99910;23;5;2019;-2.2
Ny-ålesund;SN99910;24;5;2019;-3.5
Ny-ålesund;SN99910;25;5;2019;-5.3
Ny-ålesund;SN99910;26;5;2019;-2.9
Ny-ålesund;SN99910;27;5;2019;-1.2
Ny-ålesund;SN99910;28;5;2019;0.1
Ny-ålesund;SN99910;29;5;2019;1.1
Ny-ålesund;SN99910;30;5;2019;3.2
Ny-ålesund;SN99910;31;5;2019;4.5
Ny-ålesund;SN99910;1;5;2020;-3.5
Ny-ålesund;SN99910;2;5;2020;-7.6
Ny-ålesund;SN99910;3;5;2020;-7.4
Ny-ålesund;SN99910;4;5;2020;-4.6
Ny-ålesund;SN99910;5;5;2020;-1.2
Ny-ålesund;SN99910;6;5;2020;-0.4
Ny-ålesund;SN99910;7;5;2020;-1
Ny-ålesund;SN99910;8;5;2020;-4
Ny-ålesund;SN99910;9;5;2020;-5.5
Ny-ålesund;SN99910;10;5;2020;-8.1
Ny-ålesund;SN99910;11;5;2020;-7.7
Ny-ålesund;SN99910;12;5;2020;-7.1
Ny-ålesund;SN99910;13;5;2020;-0.3
Ny-ålesund;SN99910;14;5;2020;2.2
Ny-ålesund;SN99910;15;5;2020;4.4
Ny-ålesund;SN99910;16;5;2020;2.8
Ny-ålesund;SN99910;17;5;2020;2.9
Ny-ålesund;SN99910;18;5;2020;0.9
Ny-ålesund;SN99910;19;5;2020;1
Ny-ålesund;SN99910;20;5;2020;1.8
Ny-ålesund;SN99910;21;5;2020;0.4
Ny-ålesund;SN99910;22;5;2020;-1.5
Ny-ålesund;SN99910;23;5;2020;1.3
Ny-ålesund;SN99910;24;5;2020;3.7
Ny-ålesund;SN99910;25;5;2020;4.7
Ny-ålesund;SN99910;26;5;2020;5.1
Ny-ålesund;SN99910;27;5;2020;5.2
Ny-ålesund;SN99910;28;5;2020;4.3
Ny-ålesund;SN99910;29;5;2020;3.8
Ny-ålesund;SN99910;30;5;2020;2.5
Ny-ålesund;SN99910;31;5;2020;4
Svalbard Lufthavn;SN99840;1;5;2021;-8.4
Svalbard Lufthavn;SN99840;2;5;2021;-6.2
Svalbard Lufthavn;SN99840;3;5;2021;-6.2
Svalbard Lufthavn;SN99840;4;5;2021;-3.4
Svalbard Lufthavn;SN99840;5;5;2021;-5
Svalbard Lufthavn;SN99840;6;5;2021;-7.8
Svalbard Lufthavn;SN99840;7;5;2021;-6.6
Svalbard Lufthavn;SN99840;8;5;2021;NA
Svalbard Lufthavn;SN99840;9;5;2021;-4.3
Svalbard Lufthavn;SN99840;10;5;2021;NA
Svalbard Lufthavn;SN99840;11;5;2021;-2.8
Svalbard Lufthavn;SN99840;12;5;2021;-5.1
Svalbard Lufthavn;SN99840;13;5;2021;-4.6
Svalbard Lufthavn;SN99840;14;5;2021;-2
Svalbard Lufthavn;SN99840;15;5;2021;-4.9
Svalbard Lufthavn;SN99840;16;5;2021;-4.5
Svalbard Lufthavn;SN99840;17;5;2021;-3.8
Svalbard Lufthavn;SN99840;18;5;2021;-2.7
Svalbard Lufthavn;SN99840;19;5;2021;-2.9
Svalbard Lufthavn;SN99840;20;5;2021;-3.4
Svalbard Lufthavn;SN99840;21;5;2021;-4.3
Svalbard Lufthavn;SN99840;22;5;2021;-3.6
Svalbard Lufthavn;SN99840;23;5;2021;-3
Svalbard Lufthavn;SN99840;24;5;2021;-1.9
Svalbard Lufthavn;SN99840;25;5;2021;-2
Svalbard Lufthavn;SN99840;26;5;2021;0.6
Svalbard Lufthavn;SN99840;27;5;2021;0.7
Svalbard Lufthavn;SN99840;28;5;2021;-0.9
Svalbard Lufthavn;SN99840;29;5;2021;1
Svalbard Lufthavn;SN99840;30;5;2021;0.9
Svalbard Lufthavn;SN99840;31;5;2021;2.1
Ny-ålesund;SN99910;1;5;2021;-8
Ny-ålesund;SN99910;2;5;2021;-5.4
Ny-ålesund;SN99910;3;5;2021;-5.4
Ny-ålesund;SN99910;4;5;2021;-3.4
Ny-ålesund;SN99910;5;5;2021;-5.1
Ny-ålesund;SN99910;6;5;2021;-4.5
Ny-ålesund;SN99910;7;5;2021;-4.8
Ny-ålesund;SN99910;8;5;2021;-3.7
Ny-ålesund;SN99910;9;5;2021;-4.4
Ny-ålesund;SN99910;10;5;2021;-3.4
Ny-ålesund;SN99910;11;5;2021;-4
Ny-ålesund;SN99910;12;5;2021;-7.5
Ny-ålesund;SN99910;13;5;2021;-5.3
Ny-ålesund;SN99910;14;5;2021;-4.2
Ny-ålesund;SN99910;15;5;2021;-6.2
Ny-ålesund;SN99910;16;5;2021;-5.8
Ny-ålesund;SN99910;17;5;2021;-4.2
Ny-ålesund;SN99910;18;5;2021;-2.8
Ny-ålesund;SN99910;19;5;2021;-2.9
Ny-ålesund;SN99910;20;5;2021;-2.8
Ny-ålesund;SN99910;21;5;2021;-4.2
Ny-ålesund;SN99910;22;5;2021;-5.4
Ny-ålesund;SN99910;23;5;2021;-4.6
Ny-ålesund;SN99910;24;5;2021;-4.3
Ny-ålesund;SN99910;25;5;2021;-2.5
Ny-ålesund;SN99910;26;5;2021;-0.1
Ny-ålesund;SN99910;27;5;2021;-1.3
Ny-ålesund;SN99910;28;5;2021;-2.3
Ny-ålesund;SN99910;29;5;2021;-0.7
Ny-ålesund;SN99910;30;5;2021;0
Ny-ålesund;SN99910;31;5;2021;0.4
Ny-ålesund;SN99910;1;5;2022;-10.2
Ny-ålesund;SN99910;2;5;2022;-11.3
Ny-ålesund;SN99910;3;5;2022;-10.1
Ny-ålesund;SN99910;4;5;2022;-7.6
Ny-ålesund;SN99910;5;5;2022;-5.6
Ny-ålesund;SN99910;6;5;2022;-5.1
Ny-ålesund;SN99910;7;5;2022;-9.6
Ny-ålesund;SN99910;8;5;2022;-9.7
Ny-ålesund;SN99910;9;5;2022;-9.8
Ny-ålesund;SN99910;10;5;2022;-7.2
Ny-ålesund;SN99910;11;5;2022;-6.7
Ny-ålesund;SN99910;12;5;2022;-5.4
Ny-ålesund;SN99910;13;5;2022;-4.2
Ny-ålesund;SN99910;14;5;2022;-3.4
Ny-ålesund;SN99910;15;5;2022;-2
Ny-ålesund;SN99910;16;5;2022;-1.6
Ny-ålesund;SN99910;17;5;2022;-2.3
Ny-ålesund;SN99910;18;5;2022;-3.4
Ny-ålesund;SN99910;19;5;2022;-1.9
Ny-ålesund;SN99910;20;5;2022;-0.9
Ny-ålesund;SN99910;21;5;2022;2.7
Ny-ålesund;SN99910;22;5;2022;1.2
Ny-ålesund;SN99910;23;5;2022;3.1
Ny-ålesund;SN99910;24;5;2022;4.3
Ny-ålesund;SN99910;25;5;2022;3.6
Ny-ålesund;SN99910;26;5;2022;4.2
Ny-ålesund;SN99910;27;5;2022;5.7
Ny-ålesund;SN99910;28;5;2022;6.6
Ny-ålesund;SN99910;29;5;2022;6.8
Ny-ålesund;SN99910;30;5;2022;6.1
Ny-ålesund;SN99910;31;5;2022;5.4
Svalbard Lufthavn;SN99840;1;5;2022;-9.2
Svalbard Lufthavn;SN99840;2;5;2022;-11.5
Svalbard Lufthavn;SN99840;3;5;2022;-11
Svalbard Lufthavn;SN99840;4;5;2022;-8.6
Svalbard Lufthavn;SN99840;5;5;2022;-6.1
Svalbard Lufthavn;SN99840;6;5;2022;-3.9
Svalbard Lufthavn;SN99840;7;5;2022;-8
Svalbard Lufthavn;SN99840;8;5;2022;-8.7
Svalbard Lufthavn;SN99840;9;5;2022;-9.3
Svalbard Lufthavn;SN99840;10;5;2022;-6.2
Svalbard Lufthavn;SN99840;11;5;2022;-6.4
Svalbard Lufthavn;SN99840;12;5;2022;-6.6
Svalbard Lufthavn;SN99840;13;5;2022;-6.4
Svalbard Lufthavn;SN99840;14;5;2022;-3.2
Svalbard Lufthavn;SN99840;15;5;2022;-1.2
Svalbard Lufthavn;SN99840;16;5;2022;-0.8
Svalbard Lufthavn;SN99840;17;5;2022;-1
Svalbard Lufthavn;SN99840;18;5;2022;-1.8
Svalbard Lufthavn;SN99840;19;5;2022;-1.2
Svalbard Lufthavn;SN99840;20;5;2022;-0.2
Svalbard Lufthavn;SN99840;21;5;2022;2.4
Svalbard Lufthavn;SN99840;22;5;2022;2.2
Svalbard Lufthavn;SN99840;23;5;2022;2.4
Svalbard Lufthavn;SN99840;24;5;2022;3.9
Svalbard Lufthavn;SN99840;25;5;2022;4.8
Svalbard Lufthavn;SN99840;26;5;2022;4.9
Svalbard Lufthavn;SN99840;27;5;2022;6.8
Svalbard Lufthavn;SN99840;28;5;2022;9.1
Svalbard Lufthavn;SN99840;29;5;2022;8.4
Svalbard Lufthavn;SN99840;30;5;2022;5.9
Svalbard Lufthavn;SN99840;31;5;2022;7.6
Ny-ålesund;SN99910;1;5;2023;-11.9
Ny-ålesund;SN99910;2;5;2023;-9.9
Ny-ålesund;SN99910;3;5;2023;-6.4
Ny-ålesund;SN99910;4;5;2023;-2.7
Ny-ålesund;SN99910;5;5;2023;-1.7
Ny-ålesund;SN99910;6;5;2023;-0.8
Ny-ålesund;SN99910;7;5;2023;-0.9
Ny-ålesund;SN99910;8;5;2023;-1.6
Ny-ålesund;SN99910;9;5;2023;-2
Ny-ålesund;SN99910;10;5;2023;-0.3
Ny-ålesund;SN99910;11;5;2023;-2.9
Ny-ålesund;SN99910;12;5;2023;-6.6
Ny-ålesund;SN99910;13;5;2023;-0.9
Ny-ålesund;SN99910;14;5;2023;-5
Ny-ålesund;SN99910;15;5;2023;-5.9
Ny-ålesund;SN99910;16;5;2023;-3.7
Ny-ålesund;SN99910;17;5;2023;-4.2
Ny-ålesund;SN99910;18;5;2023;-2.8
Ny-ålesund;SN99910;19;5;2023;-0.7
Ny-ålesund;SN99910;20;5;2023;1.3
Ny-ålesund;SN99910;21;5;2023;3.4
Ny-ålesund;SN99910;22;5;2023;2.8
Ny-ålesund;SN99910;23;5;2023;3.3
Ny-ålesund;SN99910;24;5;2023;2.3
Ny-ålesund;SN99910;25;5;2023;1.4
Ny-ålesund;SN99910;26;5;2023;-0.5
Ny-ålesund;SN99910;27;5;2023;-1.3
Ny-ålesund;SN99910;28;5;2023;-0.4
Ny-ålesund;SN99910;29;5;2023;2.1
Ny-ålesund;SN99910;30;5;2023;2
Ny-ålesund;SN99910;31;5;2023;1.6
Svalbard Lufthavn;SN99840;1;5;2023;-12.7
Svalbard Lufthavn;SN99840;2;5;2023;-11.4
Svalbard Lufthavn;SN99840;3;5;2023;-7.2
Svalbard Lufthavn;SN99840;4;5;2023;-2.8
Svalbard Lufthavn;SN99840;5;5;2023;-1.8
Svalbard Lufthavn;SN99840;6;5;2023;-1.1
Svalbard Lufthavn;SN99840;7;5;2023;-1.1
Svalbard Lufthavn;SN99840;8;5;2023;-1.3
Svalbard Lufthavn;SN99840;9;5;2023;-1.4
Svalbard Lufthavn;SN99840;10;5;2023;-0.6
Svalbard Lufthavn;SN99840;11;5;2023;-0.1
Svalbard Lufthavn;SN99840;12;5;2023;-4.7
Svalbard Lufthavn;SN99840;13;5;2023;-0.4
Svalbard Lufthavn;SN99840;14;5;2023;-3.8
Svalbard Lufthavn;SN99840;15;5;2023;-6.1
Svalbard Lufthavn;SN99840;16;5;2023;-4.3
Svalbard Lufthavn;SN99840;17;5;2023;-3.1
Svalbard Lufthavn;SN99840;18;5;2023;-4.8
Svalbard Lufthavn;SN99840;19;5;2023;-4.2
Svalbard Lufthavn;SN99840;20;5;2023;1.6
Svalbard Lufthavn;SN99840;21;5;2023;4.7
Svalbard Lufthavn;SN99840;22;5;2023;4.1
Svalbard Lufthavn;SN99840;23;5;2023;4.2
Svalbard Lufthavn;SN99840;24;5;2023;3.4
Svalbard Lufthavn;SN99840;25;5;2023;2.3
Svalbard Lufthavn;SN99840;26;5;2023;0
Svalbard Lufthavn;SN99840;27;5;2023;-1.2
Svalbard Lufthavn;SN99840;28;5;2023;0
Svalbard Lufthavn;SN99840;29;5;2023;1.5
Svalbard Lufthavn;SN99840;30;5;2023;2.1
Svalbard Lufthavn;SN99840;31;5;2023;1.4
